-- MySQL dump 10.11
--
-- Host: ecnitdb.db    Database: ecnitdb
-- ------------------------------------------------------
-- Server version	5.3.7-MariaDB

/*!40101 SET @OLD_CHARACTER_SET_CLIENT=@@CHARACTER_SET_CLIENT */;
/*!40101 SET @OLD_CHARACTER_SET_RESULTS=@@CHARACTER_SET_RESULTS */;
/*!40101 SET @OLD_COLLATION_CONNECTION=@@COLLATION_CONNECTION */;
/*!40101 SET NAMES utf8 */;
/*!40103 SET @OLD_TIME_ZONE=@@TIME_ZONE */;
/*!40103 SET TIME_ZONE='+00:00' */;
/*!40014 SET @OLD_UNIQUE_CHECKS=@@UNIQUE_CHECKS, UNIQUE_CHECKS=0 */;
/*!40014 SET @OLD_FOREIGN_KEY_CHECKS=@@FOREIGN_KEY_CHECKS, FOREIGN_KEY_CHECKS=0 */;
/*!40101 SET @OLD_SQL_MODE=@@SQL_MODE, SQL_MODE='NO_AUTO_VALUE_ON_ZERO' */;
/*!40111 SET @OLD_SQL_NOTES=@@SQL_NOTES, SQL_NOTES=0 */;

--
-- Table structure for table `directory_owner`
--

DROP TABLE IF EXISTS `directory_owner`;
/*!40101 SET @saved_cs_client     = @@character_set_client */;
/*!40101 SET character_set_client = utf8 */;
CREATE TABLE `directory_owner` (
  `directoryOwnerID` int(11) NOT NULL AUTO_INCREMENT,
  `directory` int(11) NOT NULL,
  `owner_position` int(11) NOT NULL,
  PRIMARY KEY (`directoryOwnerID`),
  UNIQUE KEY `directory` (`directory`,`owner_position`),
  KEY `owner_position` (`owner_position`)
) ENGINE=MyISAM AUTO_INCREMENT=413 DEFAULT CHARSET=latin1;
/*!40101 SET character_set_client = @saved_cs_client */;

--
-- Dumping data for table `directory_owner`
--

LOCK TABLES `directory_owner` WRITE;
/*!40000 ALTER TABLE `directory_owner` DISABLE KEYS */;
INSERT INTO `directory_owner` VALUES (1,1,1),(2,1,2),(3,2,1),(4,2,2),(5,3,7),(6,4,3),(7,5,1),(8,5,2),(9,6,14),(10,7,23),(11,8,11),(12,9,16),(13,10,7),(14,11,31),(15,12,33),(16,13,7),(17,14,7),(18,15,7),(19,16,33),(20,17,11),(21,18,33),(22,19,33),(23,20,9),(24,21,1),(25,21,2),(26,22,1),(27,22,2),(28,23,14),(29,24,14),(30,25,14),(31,26,14),(32,27,23),(33,28,23),(34,29,23),(35,30,23),(36,31,23),(37,32,11),(38,33,11),(39,34,11),(40,35,11),(41,36,11),(42,37,11),(43,38,11),(44,39,16),(45,40,16),(46,41,16),(47,42,31),(48,43,31),(49,44,33),(50,45,33),(51,46,33),(52,47,33),(53,48,41),(54,49,210),(55,50,54),(56,51,67),(57,52,197),(58,53,80),(59,54,93),(60,55,231),(61,56,106),(62,57,132),(63,58,158),(64,59,145),(65,60,171),(66,61,184),(67,62,195),(68,63,26),(69,64,25),(70,65,18),(71,65,16),(72,65,17),(73,65,286),(74,65,287),(75,66,286),(76,66,287),(77,67,161),(78,68,231),(79,69,231),(80,70,233),(81,71,239),(82,72,244),(83,73,233),(84,73,239),(85,73,244),(86,74,233),(87,74,239),(88,74,244),(89,75,233),(90,75,239),(91,75,244),(92,76,284),(93,77,284),(94,78,284),(95,79,285),(96,80,286),(97,81,33),(98,82,33),(99,83,33),(100,84,11),(101,85,11),(102,86,11),(103,87,11),(104,88,11),(105,89,11),(106,90,11),(107,91,11),(108,92,11),(109,93,11),(110,94,11),(111,95,11),(112,96,11),(113,97,11),(114,98,11),(115,99,11),(116,100,11),(117,101,11),(118,102,11),(119,103,41),(120,104,41),(121,105,41),(122,106,41),(123,155,210),(124,156,210),(125,157,210),(126,158,210),(127,107,54),(128,108,54),(129,109,54),(130,110,54),(131,111,67),(132,112,67),(133,113,67),(134,114,67),(135,151,197),(136,152,197),(137,153,197),(138,154,197),(139,115,80),(140,116,80),(141,117,80),(142,118,80),(143,119,93),(144,120,93),(145,121,93),(146,132,93),(147,127,119),(148,128,119),(149,129,119),(150,130,119),(151,131,132),(152,132,132),(153,133,132),(154,134,132),(155,139,158),(156,140,158),(157,141,158),(158,142,158),(159,135,145),(160,136,145),(161,137,145),(162,138,145),(163,143,171),(164,144,171),(165,145,171),(166,146,171),(167,147,184),(168,148,184),(169,149,184),(170,150,184),(171,159,295),(172,160,295),(173,161,295),(174,162,295),(175,163,26),(176,164,25),(177,165,25),(178,166,25),(179,167,18),(180,167,16),(181,167,17),(182,167,286),(183,167,287),(184,168,16),(185,168,17),(186,168,18),(187,168,286),(188,168,287),(189,169,16),(190,169,17),(191,169,18),(192,169,286),(193,169,287),(194,170,16),(195,170,17),(196,170,18),(197,170,286),(198,170,287),(199,171,286),(200,171,287),(201,172,286),(202,172,287),(203,173,161),(204,174,161),(205,175,161),(206,176,161),(207,177,161),(208,178,231),(209,179,231),(210,180,231),(211,181,231),(212,182,231),(213,183,233),(214,184,233),(215,185,233),(216,186,233),(217,187,233),(218,188,239),(219,189,239),(220,190,239),(221,191,239),(222,192,239),(223,193,244),(224,194,244),(225,195,244),(226,196,244),(227,197,244),(228,198,233),(229,198,239),(230,198,244),(231,199,233),(232,199,239),(233,199,244),(234,200,7),(235,200,8),(236,200,9),(237,201,7),(238,201,8),(239,201,9),(240,202,233),(241,202,239),(242,202,244),(243,203,106),(244,204,17),(245,204,18),(246,204,231),(247,204,296),(248,205,17),(249,205,18),(250,205,231),(251,205,296),(252,206,17),(253,206,18),(254,206,231),(255,206,296),(256,207,17),(257,207,18),(258,207,231),(259,207,296),(260,208,17),(261,208,18),(262,208,231),(263,208,296),(264,209,17),(265,209,18),(266,209,231),(267,209,296),(268,210,17),(269,210,18),(270,210,231),(271,210,296),(272,211,17),(273,211,18),(274,211,231),(275,211,296),(276,212,17),(277,212,18),(278,212,231),(279,212,296),(280,213,17),(281,213,18),(282,213,231),(283,213,296),(284,214,17),(285,214,18),(286,214,231),(287,214,296),(288,215,17),(289,215,18),(290,215,231),(291,215,296),(292,216,17),(293,216,18),(294,216,231),(295,216,296),(296,217,17),(297,217,18),(298,217,231),(299,217,296),(300,218,17),(301,218,18),(302,218,231),(303,218,296),(304,219,17),(305,219,18),(306,219,231),(307,219,296),(308,220,17),(309,220,18),(310,220,231),(311,220,296),(312,221,17),(313,221,18),(314,221,231),(315,221,296),(316,222,17),(317,222,18),(318,222,231),(319,222,296),(320,223,17),(321,223,18),(322,223,231),(323,223,296),(324,224,17),(325,224,18),(326,224,231),(327,224,296),(328,225,17),(329,225,18),(330,225,231),(331,225,296),(332,226,17),(333,226,18),(334,226,231),(335,226,296),(336,227,17),(337,227,18),(338,227,231),(339,227,296),(340,228,17),(341,228,18),(342,228,231),(343,228,296),(344,229,17),(345,229,18),(346,229,231),(347,229,296),(348,230,17),(349,230,18),(350,230,231),(351,230,296),(352,231,17),(353,231,18),(354,231,231),(355,231,296),(356,232,17),(357,232,18),(358,232,231),(359,232,296),(360,233,17),(361,233,18),(362,233,231),(363,233,296),(364,234,17),(365,234,18),(366,234,231),(367,234,296),(368,235,17),(369,235,18),(370,235,231),(371,235,296),(412,271,14),(373,237,18),(374,237,231),(375,238,18),(376,239,18),(377,240,18),(378,241,18),(379,242,18),(380,243,18),(381,244,18),(382,245,18),(383,246,18),(384,247,18),(385,248,18),(386,249,18),(387,250,18),(388,251,18),(389,252,18),(390,253,18),(391,254,18),(392,255,18),(393,256,18),(394,257,18),(395,258,18),(396,259,18),(397,260,18),(398,261,18),(399,262,18),(400,263,18),(401,264,18),(402,265,10),(403,265,31),(404,265,32),(405,266,10),(406,266,31),(407,266,32),(408,267,10),(409,267,31),(410,267,32);
/*!40000 ALTER TABLE `directory_owner` ENABLE KEYS */;
UNLOCK TABLES;

--
-- Table structure for table `distribution_groups`
--

DROP TABLE IF EXISTS `distribution_groups`;
/*!40101 SET @saved_cs_client     = @@character_set_client */;
/*!40101 SET character_set_client = utf8 */;
CREATE TABLE `distribution_groups` (
  `distributionGroupID` int(11) NOT NULL AUTO_INCREMENT,
  `dgName` varchar(64) NOT NULL,
  PRIMARY KEY (`distributionGroupID`),
  UNIQUE KEY `dgName` (`dgName`)
) ENGINE=MyISAM AUTO_INCREMENT=59 DEFAULT CHARSET=latin1;
/*!40101 SET character_set_client = @saved_cs_client */;

--
-- Dumping data for table `distribution_groups`
--

LOCK TABLES `distribution_groups` WRITE;
/*!40000 ALTER TABLE `distribution_groups` DISABLE KEYS */;
INSERT INTO `distribution_groups` VALUES (1,'AEGStaffAll'),(2,'FusionAssistantDirector_DG'),(3,'FusionDirectorOfFirstImpressions_DG'),(4,'FusionDirectorOfStudentDevelopment_DG'),(5,'FusionHeadOfSchool_DG'),(6,'FusionInformationSpecialist_DG'),(7,'FusionMasterTeacher_DG'),(8,'FusionOutreach_DG'),(9,'FusionRegional_DG'),(10,'FusionStaffALL_DG'),(11,'FusionStaffHB_DG'),(12,'FusionStaffLA_DG'),(13,'FusionStaffLG_DG'),(14,'FusionStaffWBY_DG'),(15,'FusionStaffMN_DG'),(16,'FusionStaffMV_DG'),(17,'FusionStaffPD_DG'),(18,'FusionStaffSB_DG'),(19,'FusionStaffSD_DG'),(20,'FusionStaffSF_DG'),(21,'FusionStaffSLB_DG'),(22,'FusionStaffSM_DG'),(23,'FusionStaffWC_DG'),(24,'FusionStaffWCR_DG'),(25,'LexisStaffAll_DG'),(26,'LSAssociateDirectors_DG'),(27,'LSBostonDirectors_DG'),(28,'LSCurriculumTeam_DG'),(29,'LSExecutiveDirector_DG'),(30,'LSExecutiveDirectorandAssociateDirectors_DG'),(31,'LSInnovationsMeetingParticipants'),(32,'LSMVDirectors_DG'),(33,'LSSeniorManagementTeam_DG'),(34,'LSStaffAll_DG'),(35,'LSTrainingTeam_DG'),(36,'ShreinerStaffAll_DG'),(37,'TampaDayAdmin_DG'),(38,'TampaDayCamp_DG'),(39,'TampaDayFriends_DG'),(40,'TampaDayFrontOffice_DG'),(41,'TampaDayInfo_DG'),(42,'TampaDayLowerDivision_DG'),(43,'TampaDayNews_DG'),(44,'TampaDayParents_DG'),(45,'TampaDayPta_DG'),(46,'TampaDayRead_DG'),(47,'TampaDayStaffAll_DG'),(48,'TampaDayTds_DG'),(49,'TampaDayTechnology_DG'),(50,'TampaDayTest_DG'),(51,'TampaDayUpperDivision_DG'),(52,'TampaDay_DG'),(53,'DGAccessAll_DG');
/*!40000 ALTER TABLE `distribution_groups` ENABLE KEYS */;
UNLOCK TABLES;

--
-- Table structure for table `divisions`
--

DROP TABLE IF EXISTS `divisions`;
/*!40101 SET @saved_cs_client     = @@character_set_client */;
/*!40101 SET character_set_client = utf8 */;
CREATE TABLE `divisions` (
  `divisionID` int(11) NOT NULL AUTO_INCREMENT,
  `name` varchar(64) NOT NULL,
  PRIMARY KEY (`divisionID`),
  UNIQUE KEY `name` (`name`)
) ENGINE=MyISAM AUTO_INCREMENT=10 DEFAULT CHARSET=latin1;
/*!40101 SET character_set_client = @saved_cs_client */;

--
-- Dumping data for table `divisions`
--

LOCK TABLES `divisions` WRITE;
/*!40000 ALTER TABLE `divisions` DISABLE KEYS */;
INSERT INTO `divisions` VALUES (1,'Corporate'),(2,'Fusion'),(3,'Lexis'),(4,'Little Sprouts');
/*!40000 ALTER TABLE `divisions` ENABLE KEYS */;
UNLOCK TABLES;

--
-- Table structure for table `edit_permissions`
--

DROP TABLE IF EXISTS `edit_permissions`;
/*!40101 SET @saved_cs_client     = @@character_set_client */;
/*!40101 SET character_set_client = utf8 */;
CREATE TABLE `edit_permissions` (
  `editPermissionID` int(11) NOT NULL AUTO_INCREMENT,
  `position` int(11) NOT NULL,
  `directory` int(11) NOT NULL,
  PRIMARY KEY (`editPermissionID`),
  UNIQUE KEY `position` (`position`,`directory`),
  KEY `directory` (`directory`)
) ENGINE=MyISAM AUTO_INCREMENT=2660 DEFAULT CHARSET=latin1;
/*!40101 SET character_set_client = @saved_cs_client */;

--
-- Dumping data for table `edit_permissions`
--

LOCK TABLES `edit_permissions` WRITE;
/*!40000 ALTER TABLE `edit_permissions` DISABLE KEYS */;
INSERT INTO `edit_permissions` VALUES (1,1,21),(2,2,21),(3,3,21),(4,4,21),(5,5,21),(6,6,21),(7,1,22),(8,2,22),(9,3,22),(10,4,22),(11,5,22),(12,6,22),(13,14,23),(14,15,23),(15,14,24),(16,15,24),(17,14,25),(18,15,25),(19,14,26),(20,15,26),(21,23,27),(22,24,27),(23,25,27),(24,26,27),(25,27,27),(26,28,27),(27,29,27),(28,30,27),(29,23,28),(30,24,28),(31,25,28),(32,26,28),(33,27,28),(34,28,28),(35,29,28),(36,30,28),(37,23,29),(38,24,29),(39,25,29),(40,26,29),(41,27,29),(42,28,29),(43,29,29),(44,30,29),(45,23,30),(46,24,30),(47,25,30),(48,26,30),(49,27,30),(50,28,30),(51,29,30),(52,30,30),(53,23,31),(54,24,31),(55,25,31),(56,26,31),(57,27,31),(58,28,31),(59,29,31),(60,30,31),(61,11,32),(62,12,32),(63,13,32),(64,11,33),(65,12,33),(66,13,33),(67,11,34),(68,12,34),(69,13,34),(70,11,35),(71,12,35),(72,13,35),(73,11,36),(74,12,36),(75,13,36),(76,11,37),(77,12,37),(78,13,37),(79,231,37),(80,11,38),(81,12,38),(82,13,38),(83,16,39),(84,17,39),(85,18,39),(86,19,39),(87,20,39),(88,21,39),(89,22,39),(90,16,40),(91,17,40),(92,18,40),(93,19,40),(94,20,40),(95,21,40),(96,22,40),(97,16,41),(98,17,41),(99,18,41),(100,19,41),(101,20,41),(102,21,41),(103,22,41),(104,31,42),(105,32,42),(106,31,43),(107,32,43),(108,33,44),(109,33,45),(110,33,46),(111,33,47),(112,252,76),(113,253,76),(114,254,76),(115,255,76),(116,256,76),(117,257,76),(118,258,76),(119,259,76),(120,260,76),(121,261,76),(122,262,76),(123,263,76),(124,264,76),(125,265,76),(126,266,76),(127,267,76),(128,268,76),(129,269,76),(130,270,76),(131,271,76),(132,272,76),(133,273,76),(134,274,76),(135,275,76),(136,276,76),(137,277,76),(138,278,76),(139,279,76),(140,280,76),(141,281,76),(142,282,76),(143,283,76),(144,284,76),(145,285,76),(146,286,76),(147,287,76),(148,288,76),(149,289,76),(150,290,76),(151,291,76),(152,292,76),(153,293,76),(154,294,76),(155,252,77),(156,253,77),(157,254,77),(158,255,77),(159,256,77),(160,257,77),(161,258,77),(162,259,77),(163,260,77),(164,261,77),(165,262,77),(166,263,77),(167,264,77),(168,265,77),(169,266,77),(170,267,77),(171,268,77),(172,269,77),(173,270,77),(174,271,77),(175,272,77),(176,273,77),(177,274,77),(178,275,77),(179,276,77),(180,277,77),(181,278,77),(182,279,77),(183,280,77),(184,281,77),(185,282,77),(186,283,77),(187,284,77),(188,285,77),(189,286,77),(190,287,77),(191,288,77),(192,289,77),(193,290,77),(194,291,77),(195,292,77),(196,293,77),(197,294,77),(198,284,78),(199,285,78),(200,286,78),(201,287,78),(202,288,78),(203,289,78),(204,290,78),(205,291,78),(206,292,78),(207,293,78),(208,294,78),(209,285,79),(210,294,79),(211,284,80),(212,285,80),(213,286,80),(214,287,80),(215,288,80),(216,289,80),(217,290,80),(218,291,80),(219,292,80),(220,293,80),(221,294,80),(222,1,81),(223,2,81),(224,3,81),(225,4,81),(226,5,81),(227,6,81),(228,7,81),(229,8,81),(230,9,81),(231,10,81),(232,11,81),(233,12,81),(234,13,81),(235,14,81),(236,15,81),(237,16,81),(238,17,81),(239,18,81),(240,19,81),(241,20,81),(242,21,81),(243,22,81),(244,23,81),(245,24,81),(246,25,81),(247,26,81),(248,27,81),(249,28,81),(250,29,81),(251,30,81),(252,31,81),(253,32,81),(254,33,81),(255,38,82),(256,51,82),(257,64,82),(258,77,82),(259,90,82),(260,103,82),(261,116,82),(262,129,82),(263,142,82),(264,155,82),(265,168,82),(266,181,82),(267,194,82),(268,207,82),(269,220,82),(270,39,82),(271,52,82),(272,65,82),(273,78,82),(274,91,82),(275,104,82),(276,117,82),(277,130,82),(278,143,82),(279,156,82),(280,169,82),(281,182,82),(282,195,82),(283,208,82),(284,221,82),(285,40,82),(286,53,82),(287,66,82),(288,79,82),(289,92,82),(290,105,82),(291,118,82),(292,131,82),(293,144,82),(294,157,82),(295,170,82),(296,183,82),(297,196,82),(298,209,82),(299,222,82),(300,41,82),(301,54,82),(302,67,82),(303,80,82),(304,93,82),(305,106,82),(306,119,82),(307,132,82),(308,145,82),(309,158,82),(310,171,82),(311,184,82),(312,197,82),(313,210,82),(314,223,82),(315,43,82),(316,56,82),(317,69,82),(318,82,82),(319,95,82),(320,108,82),(321,120,82),(322,134,82),(323,147,82),(324,160,82),(325,173,82),(326,186,82),(327,199,82),(328,212,82),(329,225,82),(330,229,82),(331,230,82),(332,231,82),(333,232,82),(334,295,82),(335,296,82),(336,252,83),(337,253,83),(338,254,83),(339,255,83),(340,256,83),(341,257,83),(342,258,83),(343,259,83),(344,260,83),(345,261,83),(346,262,83),(347,263,83),(348,264,83),(349,265,83),(350,266,83),(351,267,83),(352,268,83),(353,269,83),(354,270,83),(355,271,83),(356,272,83),(357,273,83),(358,274,83),(359,275,83),(360,276,83),(361,277,83),(362,278,83),(363,279,83),(364,280,83),(365,281,83),(366,282,83),(367,283,83),(368,284,83),(369,285,83),(370,286,83),(371,287,83),(372,288,83),(373,289,83),(374,290,83),(375,291,83),(376,292,83),(377,293,83),(378,294,83),(379,1,84),(380,2,84),(381,3,84),(382,4,84),(383,5,84),(384,6,84),(385,31,84),(386,32,84),(387,1,85),(388,2,85),(389,3,85),(390,4,85),(391,5,85),(392,6,85),(393,31,85),(394,32,85),(395,31,86),(396,32,86),(397,1,87),(398,2,87),(399,3,87),(400,4,87),(401,5,87),(402,6,87),(403,31,87),(404,32,87),(405,1,88),(406,2,88),(407,3,88),(408,4,88),(409,5,88),(410,6,88),(411,31,88),(412,32,88),(413,1,89),(414,2,89),(415,3,89),(416,4,89),(417,5,89),(418,6,89),(419,31,89),(420,32,89),(421,1,90),(422,2,90),(423,3,90),(424,4,90),(425,5,90),(426,6,90),(427,31,90),(428,32,90),(429,253,93),(430,255,93),(431,257,93),(432,259,93),(433,261,93),(434,263,93),(435,265,93),(436,267,93),(437,269,93),(438,271,93),(439,273,93),(440,275,93),(441,277,93),(442,279,93),(443,281,93),(444,283,93),(445,284,93),(446,285,93),(447,286,93),(448,287,93),(449,288,93),(450,289,93),(451,290,93),(452,291,93),(453,292,93),(454,293,93),(455,294,93),(456,38,94),(457,51,94),(458,64,94),(459,77,94),(460,90,94),(461,103,94),(462,116,94),(463,129,94),(464,142,94),(465,155,94),(466,168,94),(467,181,94),(468,194,94),(469,207,94),(470,220,94),(471,39,94),(472,52,94),(473,65,94),(474,78,94),(475,91,94),(476,104,94),(477,117,94),(478,130,94),(479,143,94),(480,156,94),(481,169,94),(482,182,94),(483,195,94),(484,208,94),(485,221,94),(486,40,94),(487,53,94),(488,66,94),(489,79,94),(490,92,94),(491,105,94),(492,118,94),(493,131,94),(494,144,94),(495,157,94),(496,170,94),(497,183,94),(498,196,94),(499,209,94),(500,222,94),(501,41,94),(502,54,94),(503,67,94),(504,80,94),(505,93,94),(506,106,94),(507,119,94),(508,132,94),(509,145,94),(510,158,94),(511,171,94),(512,184,94),(513,197,94),(514,210,94),(515,223,94),(516,43,94),(517,56,94),(518,69,94),(519,94,94),(520,95,94),(521,108,94),(522,120,94),(523,134,94),(524,147,94),(525,160,94),(526,173,94),(527,186,94),(528,199,94),(529,212,94),(530,225,94),(531,229,94),(532,230,94),(533,231,94),(534,232,94),(535,295,94),(536,296,94),(537,244,95),(538,245,95),(539,246,95),(540,247,95),(541,248,95),(542,249,95),(543,233,96),(544,234,96),(545,235,96),(546,236,96),(547,239,97),(548,240,97),(549,241,97),(550,1,98),(551,2,98),(552,3,98),(553,4,98),(554,5,98),(555,6,98),(556,1,99),(557,2,99),(558,3,99),(559,4,99),(560,5,99),(561,6,99),(562,1,100),(563,2,100),(564,3,100),(565,4,100),(566,5,100),(567,6,100),(568,1,101),(569,2,101),(570,3,101),(571,4,101),(572,5,101),(573,6,101),(574,34,103),(575,35,103),(576,36,103),(577,37,103),(578,38,103),(579,39,103),(580,40,103),(581,41,103),(582,42,103),(583,43,103),(584,44,103),(585,45,103),(586,46,103),(587,34,104),(588,35,104),(589,36,104),(590,37,104),(591,38,104),(592,39,104),(593,40,104),(594,41,104),(595,42,104),(596,43,104),(597,44,104),(598,45,104),(599,46,104),(600,34,105),(601,36,105),(602,37,105),(603,38,105),(604,39,105),(605,41,105),(606,43,105),(607,41,106),(608,47,107),(609,48,107),(610,49,107),(611,50,107),(612,51,107),(613,52,107),(614,53,107),(615,54,107),(616,55,107),(617,56,107),(618,57,107),(619,58,107),(620,59,107),(621,47,108),(622,48,108),(623,49,108),(624,50,108),(625,51,108),(626,52,108),(627,53,108),(628,54,108),(629,55,108),(630,56,108),(631,57,108),(632,58,108),(633,59,108),(634,47,109),(635,49,109),(636,50,109),(637,51,109),(638,52,109),(639,54,109),(640,56,109),(641,54,110),(642,60,111),(643,61,111),(644,62,111),(645,63,111),(646,64,111),(647,65,111),(648,66,111),(649,67,111),(650,68,111),(651,69,111),(652,70,111),(653,71,111),(654,72,111),(655,60,112),(656,61,112),(657,62,112),(658,63,112),(659,64,112),(660,65,112),(661,66,112),(662,67,112),(663,68,112),(664,69,112),(665,70,112),(666,71,112),(667,72,112),(668,60,113),(669,62,113),(670,63,113),(671,64,113),(672,65,113),(673,67,113),(674,69,113),(675,67,114),(676,73,115),(677,74,115),(678,75,115),(679,76,115),(680,77,115),(681,78,115),(682,79,115),(683,80,115),(684,81,115),(685,82,115),(686,83,115),(687,84,115),(688,85,115),(689,73,116),(690,74,116),(691,75,116),(692,76,116),(693,77,116),(694,78,116),(695,79,116),(696,80,116),(697,81,116),(698,82,116),(699,83,116),(700,84,116),(701,85,116),(702,73,117),(703,75,117),(704,76,117),(705,77,117),(706,78,117),(707,80,117),(708,82,117),(709,80,118),(710,86,119),(711,87,119),(712,88,119),(713,89,119),(714,90,119),(715,91,119),(716,92,119),(717,93,119),(718,94,119),(719,95,119),(720,96,119),(721,97,119),(722,98,119),(723,86,120),(724,87,120),(725,88,120),(726,89,120),(727,90,120),(728,91,120),(729,92,120),(730,93,120),(731,94,120),(732,95,120),(733,96,120),(734,97,120),(735,98,120),(736,86,121),(737,88,121),(738,89,121),(739,90,121),(740,91,121),(741,93,121),(742,95,121),(743,93,122),(744,99,123),(745,100,123),(746,101,123),(747,102,123),(748,103,123),(749,104,123),(750,105,123),(751,106,123),(752,107,123),(753,108,123),(754,109,123),(755,110,123),(756,111,123),(757,99,124),(758,100,124),(759,101,124),(760,102,124),(761,103,124),(762,104,124),(763,105,124),(764,106,124),(765,107,124),(766,108,124),(767,109,124),(768,110,124),(769,111,124),(770,99,125),(771,101,125),(772,102,125),(773,103,125),(774,104,125),(775,106,125),(776,108,125),(777,106,126),(778,112,127),(779,113,127),(780,114,127),(781,115,127),(782,116,127),(783,117,127),(784,118,127),(785,119,127),(786,120,127),(787,121,127),(788,122,127),(789,123,127),(790,124,127),(791,112,128),(792,113,128),(793,114,128),(794,115,128),(795,116,128),(796,117,128),(797,118,128),(798,119,128),(799,120,128),(800,121,128),(801,122,128),(802,123,128),(803,124,128),(804,112,129),(805,114,129),(806,115,129),(807,116,129),(808,117,129),(809,119,129),(810,121,129),(811,119,130),(812,125,131),(813,126,131),(814,127,131),(815,128,131),(816,129,131),(817,130,131),(818,131,131),(819,132,131),(820,133,131),(821,134,131),(822,135,131),(823,136,131),(824,137,131),(825,125,132),(826,126,132),(827,127,132),(828,128,132),(829,129,132),(830,130,132),(831,131,132),(832,132,132),(833,133,132),(834,134,132),(835,135,132),(836,136,132),(837,137,132),(838,125,133),(839,127,133),(840,128,133),(841,129,133),(842,130,133),(843,132,133),(844,134,133),(845,132,134),(846,138,135),(847,139,135),(848,140,135),(849,141,135),(850,142,135),(851,143,135),(852,144,135),(853,145,135),(854,146,135),(855,147,135),(856,148,135),(857,149,135),(858,150,135),(859,138,136),(860,139,136),(861,140,136),(862,141,136),(863,142,136),(864,143,136),(865,144,136),(866,145,136),(867,146,136),(868,147,136),(869,148,136),(870,149,136),(871,150,136),(872,138,137),(873,140,137),(874,141,137),(875,142,137),(876,143,137),(877,145,137),(878,147,137),(879,145,138),(880,151,139),(881,152,139),(882,153,139),(883,154,139),(884,155,139),(885,156,139),(886,157,139),(887,158,139),(888,159,139),(889,160,139),(890,161,139),(891,162,139),(892,163,139),(893,151,140),(894,152,140),(895,153,140),(896,154,140),(897,155,140),(898,156,140),(899,157,140),(900,158,140),(901,159,140),(902,160,140),(903,161,140),(904,162,140),(905,163,140),(906,151,141),(907,153,141),(908,154,141),(909,155,141),(910,156,141),(911,158,141),(912,160,141),(913,158,142),(914,164,143),(915,165,143),(916,166,143),(917,167,143),(918,168,143),(919,169,143),(920,170,143),(921,171,143),(922,172,143),(923,173,143),(924,174,143),(925,175,143),(926,176,143),(927,164,144),(928,165,144),(929,166,144),(930,167,144),(931,168,144),(932,169,144),(933,170,144),(934,171,144),(935,172,144),(936,173,144),(937,174,144),(938,175,144),(939,176,144),(940,164,145),(941,166,145),(942,167,145),(943,168,145),(944,169,145),(945,171,145),(946,173,145),(947,171,146),(948,177,147),(949,178,147),(950,179,147),(951,180,147),(952,181,147),(953,182,147),(954,183,147),(955,184,147),(956,185,147),(957,186,147),(958,187,147),(959,188,147),(960,189,147),(961,177,148),(962,178,148),(963,179,148),(964,180,148),(965,181,148),(966,182,148),(967,183,148),(968,184,148),(969,185,148),(970,186,148),(971,187,148),(972,188,148),(973,189,148),(974,177,149),(975,179,149),(976,180,149),(977,181,149),(978,182,149),(979,184,149),(980,186,149),(981,184,150),(982,190,151),(983,191,151),(984,192,151),(985,193,151),(986,194,151),(987,195,151),(988,196,151),(989,197,151),(990,198,151),(991,199,151),(992,200,151),(993,201,151),(994,202,151),(995,190,152),(996,191,152),(997,192,152),(998,193,152),(999,194,152),(1000,195,152),(1001,196,152),(1002,197,152),(1003,198,152),(1004,199,152),(1005,200,152),(1006,201,152),(1007,202,152),(1008,190,153),(1009,192,153),(1010,193,153),(1011,194,153),(1012,195,153),(1013,197,153),(1014,199,153),(1015,197,154),(1016,203,155),(1017,204,155),(1018,205,155),(1019,206,155),(1020,207,155),(1021,208,155),(1022,209,155),(1023,210,155),(1024,211,155),(1025,212,155),(1026,213,155),(1027,214,155),(1028,215,155),(1029,203,156),(1030,204,156),(1031,205,156),(1032,206,156),(1033,207,156),(1034,208,156),(1035,209,156),(1036,210,156),(1037,211,156),(1038,212,156),(1039,213,156),(1040,214,156),(1041,215,156),(1042,203,157),(1043,205,157),(1044,206,157),(1045,207,157),(1046,208,157),(1047,210,157),(1048,212,157),(1049,210,158),(1050,1,159),(1051,2,159),(1052,3,159),(1053,4,159),(1054,5,159),(1055,6,159),(1056,7,159),(1057,8,159),(1058,9,159),(1059,10,159),(1060,11,159),(1061,12,159),(1062,13,159),(1063,14,159),(1064,15,159),(1065,16,159),(1066,17,159),(1067,18,159),(1068,19,159),(1069,20,159),(1070,21,159),(1071,22,159),(1072,23,159),(1073,24,159),(1074,25,159),(1075,26,159),(1076,27,159),(1077,28,159),(1078,29,159),(1079,30,159),(1080,31,159),(1081,32,159),(1082,33,159),(1083,40,159),(1084,53,159),(1085,66,159),(1086,79,159),(1087,92,159),(1088,105,159),(1089,118,159),(1090,131,159),(1091,144,159),(1092,157,159),(1093,170,159),(1094,183,159),(1095,196,159),(1096,209,159),(1097,222,159),(1098,295,159),(1099,1,160),(1100,2,160),(1101,3,160),(1102,4,160),(1103,5,160),(1104,6,160),(1105,7,160),(1106,8,160),(1107,9,160),(1108,10,160),(1109,11,160),(1110,12,160),(1111,13,160),(1112,14,160),(1113,15,160),(1114,16,160),(1115,17,160),(1116,18,160),(1117,19,160),(1118,20,160),(1119,21,160),(1120,22,160),(1121,23,160),(1122,24,160),(1123,25,160),(1124,26,160),(1125,27,160),(1126,28,160),(1127,29,160),(1128,30,160),(1129,31,160),(1130,32,160),(1131,33,160),(1132,40,160),(1133,53,160),(1134,66,160),(1135,79,160),(1136,92,160),(1137,105,160),(1138,118,160),(1139,131,160),(1140,144,160),(1141,157,160),(1142,170,160),(1143,183,160),(1144,196,160),(1145,209,160),(1146,222,160),(1147,295,160),(1148,1,161),(1149,2,161),(1150,3,161),(1151,4,161),(1152,5,161),(1153,6,161),(1154,7,161),(1155,8,161),(1156,9,161),(1157,10,161),(1158,11,161),(1159,12,161),(1160,13,161),(1161,14,161),(1162,15,161),(1163,16,161),(1164,17,161),(1165,18,161),(1166,19,161),(1167,20,161),(1168,21,161),(1169,22,161),(1170,23,161),(1171,24,161),(1172,25,161),(1173,26,161),(1174,27,161),(1175,28,161),(1176,29,161),(1177,30,161),(1178,31,161),(1179,32,161),(1180,33,161),(1181,40,161),(1182,53,161),(1183,66,161),(1184,79,161),(1185,92,161),(1186,105,161),(1187,118,161),(1188,131,161),(1189,144,161),(1190,157,161),(1191,170,161),(1192,183,161),(1193,196,161),(1194,209,161),(1195,222,161),(1196,295,161),(1197,1,162),(1198,2,162),(1199,3,162),(1200,4,162),(1201,5,162),(1202,6,162),(1203,7,162),(1204,8,162),(1205,9,162),(1206,10,162),(1207,11,162),(1208,12,162),(1209,13,162),(1210,14,162),(1211,15,162),(1212,16,162),(1213,17,162),(1214,18,162),(1215,19,162),(1216,20,162),(1217,21,162),(1218,22,162),(1219,23,162),(1220,24,162),(1221,25,162),(1222,26,162),(1223,27,162),(1224,28,162),(1225,29,162),(1226,30,162),(1227,31,162),(1228,32,162),(1229,33,162),(1230,34,162),(1231,36,162),(1232,37,162),(1233,38,162),(1234,39,162),(1235,40,162),(1236,41,162),(1237,42,162),(1238,43,162),(1239,44,162),(1240,47,162),(1241,49,162),(1242,50,162),(1243,51,162),(1244,52,162),(1245,53,162),(1246,54,162),(1247,55,162),(1248,56,162),(1249,57,162),(1250,60,162),(1251,62,162),(1252,63,162),(1253,64,162),(1254,65,162),(1255,66,162),(1256,67,162),(1257,68,162),(1258,69,162),(1259,70,162),(1260,73,162),(1261,75,162),(1262,76,162),(1263,77,162),(1264,78,162),(1265,79,162),(1266,80,162),(1267,81,162),(1268,82,162),(1269,83,162),(1270,86,162),(1271,88,162),(1272,89,162),(1273,90,162),(1274,91,162),(1275,92,162),(1276,93,162),(1277,94,162),(1278,95,162),(1279,96,162),(1280,99,162),(1281,101,162),(1282,102,162),(1283,103,162),(1284,104,162),(1285,105,162),(1286,106,162),(1287,107,162),(1288,108,162),(1289,109,162),(1290,112,162),(1291,114,162),(1292,115,162),(1293,116,162),(1294,117,162),(1295,118,162),(1296,119,162),(1297,120,162),(1298,121,162),(1299,122,162),(1300,125,162),(1301,127,162),(1302,128,162),(1303,129,162),(1304,130,162),(1305,131,162),(1306,132,162),(1307,133,162),(1308,134,162),(1309,135,162),(1310,138,162),(1311,140,162),(1312,141,162),(1313,142,162),(1314,143,162),(1315,144,162),(1316,145,162),(1317,146,162),(1318,147,162),(1319,148,162),(1320,151,162),(1321,153,162),(1322,154,162),(1323,155,162),(1324,156,162),(1325,157,162),(1326,158,162),(1327,159,162),(1328,160,162),(1329,161,162),(1330,164,162),(1331,166,162),(1332,167,162),(1333,168,162),(1334,169,162),(1335,170,162),(1336,171,162),(1337,172,162),(1338,173,162),(1339,174,162),(1340,177,162),(1341,179,162),(1342,180,162),(1343,181,162),(1344,182,162),(1345,183,162),(1346,184,162),(1347,185,162),(1348,186,162),(1349,187,162),(1350,190,162),(1351,192,162),(1352,193,162),(1353,194,162),(1354,195,162),(1355,196,162),(1356,197,162),(1357,198,162),(1358,199,162),(1359,200,162),(1360,203,162),(1361,205,162),(1362,206,162),(1363,207,162),(1364,208,162),(1365,209,162),(1366,210,162),(1367,211,162),(1368,212,162),(1369,213,162),(1370,216,162),(1371,218,162),(1372,219,162),(1373,220,162),(1374,221,162),(1375,222,162),(1376,223,162),(1377,224,162),(1378,225,162),(1379,226,162),(1380,23,163),(1381,24,163),(1382,25,163),(1383,26,163),(1384,27,163),(1385,28,163),(1386,29,163),(1387,30,163),(1388,36,163),(1389,49,163),(1390,62,163),(1391,75,163),(1392,88,163),(1393,101,163),(1394,114,163),(1395,127,163),(1396,140,163),(1397,153,163),(1398,166,163),(1399,179,163),(1400,192,163),(1401,205,163),(1402,218,163),(1403,23,164),(1404,24,164),(1405,25,164),(1406,26,164),(1407,27,164),(1408,28,164),(1409,29,164),(1410,30,164),(1411,36,164),(1412,49,164),(1413,62,164),(1414,75,164),(1415,88,164),(1416,101,164),(1417,114,164),(1418,127,164),(1419,140,164),(1420,153,164),(1421,166,164),(1422,179,164),(1423,192,164),(1424,205,164),(1425,218,164),(1426,23,165),(1427,24,165),(1428,25,165),(1429,26,165),(1430,27,165),(1431,28,165),(1432,29,165),(1433,30,165),(1434,36,165),(1435,49,165),(1436,62,165),(1437,75,165),(1438,88,165),(1439,101,165),(1440,114,165),(1441,127,165),(1442,140,165),(1443,153,165),(1444,166,165),(1445,179,165),(1446,192,165),(1447,205,165),(1448,218,165),(1449,23,166),(1450,24,166),(1451,25,166),(1452,26,166),(1453,27,166),(1454,28,166),(1455,29,166),(1456,30,166),(1457,36,166),(1458,49,166),(1459,62,166),(1460,75,166),(1461,88,166),(1462,101,166),(1463,114,166),(1464,127,166),(1465,140,166),(1466,153,166),(1467,166,166),(1468,179,166),(1469,192,166),(1470,205,166),(1471,218,166),(1472,16,167),(1473,17,167),(1474,18,167),(1475,19,167),(1476,20,167),(1477,21,167),(1478,22,167),(1479,16,168),(1480,17,168),(1481,18,168),(1482,19,168),(1483,20,168),(1484,21,168),(1485,22,168),(2436,16,244),(2435,22,243),(2434,21,243),(2433,20,243),(2432,19,243),(2431,18,243),(2430,17,243),(2429,16,243),(2428,22,242),(2427,21,242),(2426,20,242),(2425,19,242),(2424,18,242),(2423,17,242),(2422,16,242),(2421,22,241),(2420,21,241),(2419,20,241),(2418,19,241),(2417,18,241),(2416,17,241),(2415,16,241),(2414,22,240),(2413,21,240),(2412,20,240),(2411,19,240),(2410,18,240),(2409,17,240),(2408,16,240),(2407,22,239),(2406,21,239),(2405,20,239),(2404,19,239),(2403,18,239),(2402,17,239),(2401,16,239),(2400,22,238),(2399,21,238),(2398,20,238),(2397,19,238),(2396,18,238),(2395,17,238),(2394,16,238),(2393,6,237),(2392,22,237),(2391,21,237),(2390,20,237),(2389,19,237),(2388,18,237),(2387,17,237),(2386,16,237),(2385,4,237),(2384,3,237),(2383,2,237),(2382,1,237),(2381,231,237),(2380,296,237),(2349,223,237),(2348,210,237),(2347,197,237),(2346,184,237),(2345,171,237),(2344,158,237),(2343,145,237),(2342,132,237),(2341,119,237),(2340,106,237),(2339,93,237),(2338,80,237),(2337,67,237),(2336,54,237),(2335,41,237),(2350,42,237),(2351,55,237),(2352,68,237),(2353,81,237),(2354,94,237),(2355,107,237),(2356,120,237),(2357,133,237),(2358,146,237),(2359,159,237),(2360,172,237),(2361,185,237),(2362,198,237),(2636,14,271),(1572,1,171),(1573,2,171),(1574,3,171),(1575,4,171),(1576,14,171),(1577,231,171),(1578,291,171),(1579,1,172),(1580,2,172),(1581,3,172),(1582,4,172),(1583,14,172),(1584,231,172),(1585,291,172),(1586,44,173),(1587,57,173),(1588,70,173),(1589,83,173),(1590,96,173),(1591,109,173),(1592,122,173),(1593,135,173),(1594,148,173),(1595,161,173),(1596,174,173),(1597,187,173),(1598,200,173),(1599,213,173),(1600,226,173),(1601,231,173),(1602,291,173),(1603,44,174),(1604,57,174),(1605,70,174),(1606,83,174),(1607,96,174),(1608,109,174),(1609,122,174),(1610,135,174),(1611,148,174),(1612,161,174),(1613,174,174),(1614,187,174),(1615,200,174),(1616,213,174),(1617,226,174),(1618,231,174),(1619,291,174),(2363,211,237),(2364,224,237),(2365,34,237),(2366,47,237),(2367,60,237),(2368,73,237),(2369,86,237),(2370,99,237),(2371,112,237),(2372,125,237),(2373,138,237),(2374,151,237),(2375,164,237),(2376,177,237),(2377,190,237),(2378,203,237),(2379,216,237),(2037,7,178),(2038,8,178),(2039,9,178),(2040,10,178),(2041,231,178),(2042,296,178),(2043,7,179),(2044,8,179),(2045,9,179),(2046,10,179),(2047,231,179),(2048,296,179),(2049,229,181),(2050,231,181),(2051,232,181),(2052,296,181),(2053,229,182),(2054,231,182),(2055,232,182),(2056,296,182),(2057,233,183),(2058,234,183),(2059,235,183),(2060,236,183),(2061,237,183),(2062,238,183),(2063,233,184),(2064,234,184),(2065,235,184),(2066,236,184),(2067,237,184),(2068,238,184),(2069,233,185),(2070,234,185),(2071,235,185),(2072,236,185),(2073,233,186),(2074,234,186),(2075,235,186),(2076,236,186),(2077,237,186),(2078,238,186),(2079,233,187),(2080,234,187),(2081,235,187),(2082,236,187),(2083,237,187),(2084,238,187),(2085,239,188),(2086,240,188),(2087,241,188),(2088,242,188),(2089,243,188),(2090,239,189),(2091,240,189),(2092,241,189),(2093,242,189),(2094,243,189),(2095,239,190),(2096,240,190),(2097,241,190),(2098,239,191),(2099,240,191),(2100,241,191),(2101,242,191),(2102,243,191),(2103,239,192),(2104,240,192),(2105,241,192),(2106,242,192),(2107,243,192),(2108,244,193),(2109,245,193),(2110,246,193),(2111,247,193),(2112,248,193),(2113,249,193),(2114,250,193),(2115,251,193),(2116,244,194),(2117,245,194),(2118,246,194),(2119,247,194),(2120,248,194),(2121,249,194),(2122,250,194),(2123,251,194),(2124,244,195),(2125,247,195),(2126,248,195),(2127,244,196),(2128,245,196),(2129,246,196),(2130,247,196),(2131,248,196),(2132,249,196),(2133,250,196),(2134,251,196),(2135,244,197),(2136,245,197),(2137,246,197),(2138,247,197),(2139,248,197),(2140,249,197),(2141,250,197),(2142,251,197),(2143,233,198),(2144,239,198),(2145,244,198),(2146,233,200),(2147,234,200),(2148,235,200),(2149,236,200),(2150,237,200),(2151,238,200),(2152,239,200),(2153,240,200),(2154,241,200),(2155,242,200),(2156,243,200),(2157,244,200),(2158,245,200),(2159,246,200),(2160,247,200),(2161,248,200),(2162,249,200),(2163,250,200),(2164,251,200),(2165,233,201),(2166,234,201),(2167,235,201),(2168,236,201),(2169,237,201),(2170,238,201),(2171,239,201),(2172,240,201),(2173,241,201),(2174,242,201),(2175,243,201),(2176,244,201),(2177,245,201),(2178,246,201),(2179,247,201),(2180,248,201),(2181,249,201),(2182,250,201),(2183,251,201),(2184,233,202),(2185,234,202),(2186,235,202),(2187,236,202),(2188,237,202),(2189,238,202),(2190,239,202),(2191,240,202),(2192,241,202),(2193,242,202),(2194,243,202),(2195,244,202),(2196,245,202),(2197,246,202),(2198,247,202),(2199,248,202),(2200,249,202),(2201,250,202),(2202,251,202),(2203,34,204),(2204,38,204),(2205,41,204),(2206,42,204),(2207,43,204),(2208,47,205),(2209,51,205),(2210,54,205),(2211,55,205),(2212,56,205),(2213,60,206),(2214,64,206),(2215,67,206),(2216,68,206),(2217,69,206),(2218,73,207),(2219,77,207),(2220,80,207),(2221,81,207),(2222,82,207),(2223,86,208),(2224,90,208),(2225,93,208),(2226,94,208),(2227,95,208),(2228,99,209),(2229,103,209),(2230,106,209),(2231,107,209),(2232,108,209),(2233,112,210),(2234,116,210),(2235,119,210),(2236,120,210),(2237,121,210),(2238,125,211),(2239,129,211),(2240,132,211),(2241,133,211),(2242,134,211),(2243,138,212),(2244,142,212),(2245,145,212),(2246,146,212),(2247,147,212),(2248,151,213),(2249,155,213),(2250,158,213),(2251,159,213),(2252,160,213),(2253,164,214),(2254,168,214),(2255,171,214),(2256,172,214),(2257,173,214),(2258,177,215),(2259,181,215),(2260,184,215),(2261,185,215),(2262,186,215),(2263,190,216),(2264,194,216),(2265,197,216),(2266,198,216),(2267,199,216),(2268,203,217),(2269,207,217),(2270,210,217),(2271,211,217),(2272,212,217),(2273,216,218),(2274,220,218),(2275,223,218),(2276,224,218),(2277,225,218),(2278,16,219),(2279,17,219),(2280,18,219),(2281,19,219),(2282,20,219),(2283,21,219),(2284,22,219),(2285,229,219),(2286,230,219),(2287,231,219),(2288,232,219),(2289,295,219),(2290,296,219),(2291,16,220),(2292,17,220),(2293,18,220),(2294,19,220),(2295,20,220),(2296,21,220),(2297,22,220),(2298,229,220),(2299,230,220),(2300,231,220),(2301,232,220),(2302,295,220),(2303,296,220),(2437,17,244),(2438,18,244),(2439,19,244),(2440,20,244),(2441,21,244),(2442,22,244),(2443,16,245),(2444,17,245),(2445,18,245),(2446,19,245),(2447,20,245),(2448,21,245),(2449,22,245),(2450,16,246),(2451,17,246),(2452,18,246),(2453,19,246),(2454,20,246),(2455,21,246),(2456,22,246),(2457,16,247),(2458,17,247),(2459,18,247),(2460,19,247),(2461,20,247),(2462,21,247),(2463,22,247),(2464,16,248),(2465,17,248),(2466,18,248),(2467,19,248),(2468,20,248),(2469,21,248),(2470,22,248),(2471,16,249),(2472,17,249),(2473,18,249),(2474,19,249),(2475,20,249),(2476,21,249),(2477,22,249),(2478,16,250),(2479,17,250),(2480,18,250),(2481,19,250),(2482,20,250),(2483,21,250),(2484,22,250),(2485,16,251),(2486,17,251),(2487,18,251),(2488,19,251),(2489,20,251),(2490,21,251),(2491,22,251),(2492,16,252),(2493,17,252),(2494,18,252),(2495,19,252),(2496,20,252),(2497,21,252),(2498,22,252),(2499,16,253),(2500,17,253),(2501,18,253),(2502,19,253),(2503,20,253),(2504,21,253),(2505,22,253),(2506,16,254),(2507,17,254),(2508,18,254),(2509,19,254),(2510,20,254),(2511,21,254),(2512,22,254),(2513,16,255),(2514,17,255),(2515,18,255),(2516,19,255),(2517,20,255),(2518,21,255),(2519,22,255),(2520,16,256),(2521,17,256),(2522,18,256),(2523,19,256),(2524,20,256),(2525,21,256),(2526,22,256),(2527,16,257),(2528,17,257),(2529,18,257),(2530,19,257),(2531,20,257),(2532,21,257),(2533,22,257),(2534,16,258),(2535,17,258),(2536,18,258),(2537,19,258),(2538,20,258),(2539,21,258),(2540,22,258),(2541,16,259),(2542,17,259),(2543,18,259),(2544,19,259),(2545,20,259),(2546,21,259),(2547,22,259),(2548,16,260),(2549,17,260),(2550,18,260),(2551,19,260),(2552,20,260),(2553,21,260),(2554,22,260),(2555,16,261),(2556,17,261),(2557,18,261),(2558,19,261),(2559,20,261),(2560,21,261),(2561,22,261),(2562,16,262),(2563,17,262),(2564,18,262),(2565,19,262),(2566,20,262),(2567,21,262),(2568,22,262),(2569,16,263),(2570,17,263),(2571,18,263),(2572,19,263),(2573,20,263),(2574,21,263),(2575,22,263),(2576,16,264),(2577,17,264),(2578,18,264),(2579,19,264),(2580,20,264),(2581,21,264),(2582,22,264),(2583,238,238),(2584,238,239),(2585,238,240),(2586,238,241),(2587,238,242),(2588,238,243),(2589,238,244),(2590,238,245),(2591,238,246),(2592,238,247),(2593,238,248),(2594,238,249),(2595,238,250),(2596,238,251),(2597,238,252),(2598,238,253),(2599,238,254),(2600,238,255),(2601,238,256),(2602,238,257),(2603,238,258),(2604,238,259),(2605,238,260),(2606,238,261),(2607,238,262),(2608,238,263),(2609,238,264),(2610,41,242),(2611,54,240),(2612,67,248),(2613,80,241),(2614,93,245),(2615,106,252),(2616,119,246),(2617,132,247),(2618,145,244),(2619,158,239),(2620,171,249),(2621,184,243),(2622,197,250),(2623,210,251),(2624,223,253),(2625,6,170),(2626,10,265),(2627,31,265),(2628,32,265),(2629,10,266),(2630,31,266),(2631,32,266),(2632,10,267),(2633,31,267),(2634,32,267),(2637,15,271),(2638,37,204),(2639,50,205),(2640,63,206),(2641,76,207),(2642,89,208),(2643,102,209),(2644,115,210),(2645,128,211),(2646,141,212),(2647,154,213),(2648,167,214),(2649,180,215),(2650,193,216),(2651,206,217),(2652,219,218),(2653,300,188),(2654,300,189),(2655,300,191),(2656,300,192),(2657,300,200),(2658,300,201),(2659,300,202);
/*!40000 ALTER TABLE `edit_permissions` ENABLE KEYS */;
UNLOCK TABLES;

--
-- Table structure for table `positions`
--

DROP TABLE IF EXISTS `positions`;
/*!40101 SET @saved_cs_client     = @@character_set_client */;
/*!40101 SET character_set_client = utf8 */;
CREATE TABLE `positions` (
  `positionID` int(11) NOT NULL AUTO_INCREMENT,
  `title` varchar(64) NOT NULL,
  `division` int(11) NOT NULL,
  `school_department` int(11) NOT NULL,
  PRIMARY KEY (`positionID`),
  UNIQUE KEY `title` (`title`,`division`,`school_department`),
  KEY `division` (`division`),
  KEY `school_department` (`school_department`)
) ENGINE=MyISAM AUTO_INCREMENT=301 DEFAULT CHARSET=latin1;
/*!40101 SET character_set_client = @saved_cs_client */;

--
-- Dumping data for table `positions`
--

LOCK TABLES `positions` WRITE;
/*!40000 ALTER TABLE `positions` DISABLE KEYS */;
INSERT INTO `positions` VALUES (1,'President',1,1),(2,'CEO',1,1),(3,'Senior Vice President',1,1),(4,'COO of Fusion',1,1),(5,'Executive Assistant',1,1),(6,'DePauw Intern',1,1),(7,'VP of Education',1,2),(8,'General Manager of Lexis',1,2),(9,'Education Manager',1,2),(10,'New Talent Coordinator',1,2),(11,'VP of Human Resources',1,3),(12,'Human Resources Manager',1,3),(13,'Human Resources Associate',1,3),(14,'IT Manager',1,4),(15,'IT Intern',1,4),(16,'Vice President of Finance',1,5),(17,'CFO',1,5),(18,'Corporate Controller',1,5),(19,'Accounting Associate',1,5),(20,'Accounts Payable Specialist',1,5),(21,'Accounting Temp',1,5),(22,'Accounting Intern',1,5),(23,'Director of Marketing',1,6),(24,'Marketing Manager',1,6),(25,'Marketing Specialist',1,6),(26,'SEM Marketing Analyst',1,6),(27,'Marketing PPC',1,6),(28,'Marketing Intern',1,6),(29,'Social Media Intern',1,6),(30,'Marketing Consultant',1,6),(31,'Vice President of New Business Development',1,7),(32,'School Launch Manager',1,7),(33,'Administrative Assistant',1,8),(34,'Assistant Director',2,9),(35,'Counselor',2,9),(36,'Director of Communications & Outreach',2,9),(37,'Director of First Impressions',2,9),(38,'Director of Student Development',2,9),(39,'Director of Tutoring',2,9),(40,'Fusionologist',2,9),(41,'Head of School',2,9),(42,'Information Specialist',2,9),(43,'Master Teacher',2,9),(44,'Registrar',2,9),(45,'Substitute Teacher',2,9),(46,'Teacher',2,9),(47,'Assistant Director',2,10),(48,'Counselor',2,10),(49,'Director of Communications & Outreach',2,10),(50,'Director of First Impressions',2,10),(51,'Director of Student Development',2,10),(52,'Director of Tutoring',2,10),(53,'Fusionologist',2,10),(54,'Head of School',2,10),(55,'Information Specialist',2,10),(56,'Master Teacher',2,10),(57,'Registrar',2,10),(58,'Substitute Teacher',2,10),(59,'Teacher',2,10),(60,'Assistant Director',2,11),(61,'Counselor',2,11),(62,'Director of Communications & Outreach',2,11),(63,'Director of First Impressions',2,11),(64,'Director of Student Development',2,11),(65,'Director of Tutoring',2,11),(66,'Fusionologist',2,11),(67,'Head of School',2,11),(68,'Information Specialist',2,11),(69,'Master Teacher',2,11),(70,'Registrar',2,11),(71,'Substitute Teacher',2,11),(72,'Teacher',2,11),(73,'Assistant Director',2,12),(74,'Counselor',2,12),(75,'Director of Communications & Outreach',2,12),(76,'Director of First Impressions',2,12),(77,'Director of Student Development',2,12),(78,'Director of Tutoring',2,12),(79,'Fusionologist',2,12),(80,'Head of School',2,12),(81,'Information Specialist',2,12),(82,'Master Teacher',2,12),(83,'Registrar',2,12),(84,'Substitute Teacher',2,12),(85,'Teacher',2,12),(86,'Assistant Director',2,13),(87,'Counselor',2,13),(88,'Director of Communications & Outreach',2,13),(89,'Director of First Impressions',2,13),(90,'Director of Student Development',2,13),(91,'Director of Tutoring',2,13),(92,'Fusionologist',2,13),(93,'Head of School',2,13),(94,'Information Specialist',2,13),(95,'Master Teacher',2,13),(96,'Registrar',2,13),(97,'Substitute Teacher',2,13),(98,'Teacher',2,13),(99,'Assistant Director',2,14),(100,'Counselor',2,14),(101,'Director of Communications & Outreach',2,14),(102,'Director of First Impressions',2,14),(103,'Director of Student Development',2,14),(104,'Director of Tutoring',2,14),(105,'Fusionologist',2,14),(106,'Head of School',2,14),(107,'Information Specialist',2,14),(108,'Master Teacher',2,14),(109,'Registrar',2,14),(110,'Substitute Teacher',2,14),(111,'Teacher',2,14),(112,'Assistant Director',2,15),(113,'Counselor',2,15),(114,'Director of Communications & Outreach',2,15),(115,'Director of First Impressions',2,15),(116,'Director of Student Development',2,15),(117,'Director of Tutoring',2,15),(118,'Fusionologist',2,15),(119,'Head of School',2,15),(120,'Information Specialist',2,15),(121,'Master Teacher',2,15),(122,'Registrar',2,15),(123,'Substitute Teacher',2,15),(124,'Teacher',2,15),(125,'Assistant Director',2,16),(126,'Counselor',2,16),(127,'Director of Communications & Outreach',2,16),(128,'Director of First Impressions',2,16),(129,'Director of Student Development',2,16),(130,'Director of Tutoring',2,16),(131,'Fusionologist',2,16),(132,'Head of School',2,16),(133,'Information Specialist',2,16),(134,'Master Teacher',2,16),(135,'Registrar',2,16),(136,'Substitute Teacher',2,16),(137,'Teacher',2,16),(138,'Assistant Director',2,17),(139,'Counselor',2,17),(140,'Director of Communications & Outreach',2,17),(141,'Director of First Impressions',2,17),(142,'Director of Student Development',2,17),(143,'Director of Tutoring',2,17),(144,'Fusionologist',2,17),(145,'Head of School',2,17),(146,'Information Specialist',2,17),(147,'Master Teacher',2,17),(148,'Registrar',2,17),(149,'Substitute Teacher',2,17),(150,'Teacher',2,17),(151,'Assistant Director',2,18),(152,'Counselor',2,18),(153,'Director of Communications & Outreach',2,18),(154,'Director of First Impressions',2,18),(155,'Director of Student Development',2,18),(156,'Director of Tutoring',2,18),(157,'Fusionologist',2,18),(158,'Head of School',2,18),(159,'Information Specialist',2,18),(160,'Master Teacher',2,18),(161,'Registrar',2,18),(162,'Substitute Teacher',2,18),(163,'Teacher',2,18),(164,'Assistant Director',2,19),(165,'Counselor',2,19),(166,'Director of Communications & Outreach',2,19),(167,'Director of First Impressions',2,19),(168,'Director of Student Development',2,19),(169,'Director of Tutoring',2,19),(170,'Fusionologist',2,19),(171,'Head of School',2,19),(172,'Information Specialist',2,19),(173,'Master Teacher',2,19),(174,'Registrar',2,19),(175,'Substitute Teacher',2,19),(176,'Teacher',2,19),(177,'Assistant Director',2,20),(178,'Counselor',2,20),(179,'Director of Communications & Outreach',2,20),(180,'Director of First Impressions',2,20),(181,'Director of Student Development',2,20),(182,'Director of Tutoring',2,20),(183,'Fusionologist',2,20),(184,'Head of School',2,20),(185,'Information Specialist',2,20),(186,'Master Teacher',2,20),(187,'Registrar',2,20),(188,'Substitute Teacher',2,20),(189,'Teacher',2,20),(190,'Assistant Director',2,21),(191,'Counselor',2,21),(192,'Director of Communications & Outreach',2,21),(193,'Director of First Impressions',2,21),(194,'Director of Student Development',2,21),(195,'Director of Tutoring',2,21),(196,'Fusionologist',2,21),(197,'Head of School',2,21),(198,'Information Specialist',2,21),(199,'Master Teacher',2,21),(200,'Registrar',2,21),(201,'Substitute Teacher',2,21),(202,'Teacher',2,21),(203,'Assistant Director',2,22),(204,'Counselor',2,22),(205,'Director of Communications & Outreach',2,22),(206,'Director of First Impressions',2,22),(207,'Director of Student Development',2,22),(208,'Director of Tutoring',2,22),(209,'Fusionologist',2,22),(210,'Head of School',2,22),(211,'Information Specialist',2,22),(212,'Master Teacher',2,22),(213,'Registrar',2,22),(214,'Substitute Teacher',2,22),(215,'Teacher',2,22),(216,'Assistant Director',2,23),(217,'Counselor',2,23),(218,'Director of Communications & Outreach',2,23),(219,'Director of First Impressions',2,23),(220,'Director of Student Development',2,23),(221,'Director of Tutoring',2,23),(222,'Fusionologist',2,23),(223,'Head of School',2,23),(224,'Information Specialist',2,23),(225,'Master Teacher',2,23),(226,'Registrar',2,23),(227,'Substitute Teacher',2,23),(228,'Teacher',2,23),(229,'Regional Assistant',2,24),(230,'Regional Director of Community Outreach',2,24),(231,'Director of Operations',2,24),(232,'New Talent Coordinator',2,24),(233,'Head of School',3,25),(234,'Assistant Head of School',3,25),(235,'Director of Admissions',3,25),(236,'Business Manager',3,25),(237,'Teacher',3,25),(238,'Substitute Teacher',3,25),(239,'Head of School',3,26),(240,'Admissions Coordinator',3,26),(241,'MS Director',3,26),(242,'Teacher',3,26),(243,'Substitute Teacher',3,26),(244,'Head of School',3,27),(245,'Psychologist',3,27),(246,'Outreach',3,27),(247,'Principal',3,27),(248,'Admin/Admissions Coordinator',3,27),(249,'Office Manager',3,27),(250,'Teacher',3,27),(251,'Substitute Teacher',3,27),(252,'Executive Director',4,28),(253,'Teacher',4,28),(254,'Executive Director',4,29),(255,'Teacher',4,29),(256,'Executive Director',4,30),(257,'Teacher',4,30),(258,'Executive Director',4,31),(259,'Teacher',4,31),(260,'Executive Director',4,32),(261,'Teacher',4,32),(262,'Executive Director',4,33),(263,'Teacher',4,33),(264,'Executive Director',4,34),(265,'Teacher',4,34),(266,'Executive Director',4,35),(267,'Teacher',4,35),(268,'Executive Director',4,36),(269,'Teacher',4,36),(270,'Executive Director',4,37),(271,'Teacher',4,37),(272,'Executive Director',4,38),(273,'Teacher',4,38),(274,'Executive Director',4,39),(275,'Teacher',4,39),(276,'Executive Director',4,40),(277,'Teacher',4,40),(278,'Executive Director',4,41),(279,'Teacher',4,41),(280,'Executive Director',4,42),(281,'Teacher',4,42),(282,'Executive Director',4,43),(283,'Teacher',4,43),(284,'President',4,44),(285,'VP of Finance',4,44),(286,'Director of Operations',4,44),(287,'Regional Director',4,44),(288,'Director of Research & Development',4,44),(289,'Director of Human Resources',4,44),(290,'Director of Operations & Facilities',4,44),(291,'Director of Curriculum',4,44),(292,'Director of Talent',4,44),(293,'Executive Assistant to the President',4,44),(294,'Executive Assistant to Finance',4,44),(295,'Regional Fusionologist',2,24),(296,'Regional Director',2,24),(300,'Business Manager',3,26);
/*!40000 ALTER TABLE `positions` ENABLE KEYS */;
UNLOCK TABLES;

--
-- Table structure for table `read_permissions`
--

DROP TABLE IF EXISTS `read_permissions`;
/*!40101 SET @saved_cs_client     = @@character_set_client */;
/*!40101 SET character_set_client = utf8 */;
CREATE TABLE `read_permissions` (
  `readPermissionID` int(11) NOT NULL AUTO_INCREMENT,
  `position` int(11) NOT NULL,
  `directory` int(11) NOT NULL,
  PRIMARY KEY (`readPermissionID`),
  UNIQUE KEY `position` (`position`,`directory`),
  KEY `directory` (`directory`)
) ENGINE=MyISAM AUTO_INCREMENT=3687 DEFAULT CHARSET=latin1;
/*!40101 SET character_set_client = @saved_cs_client */;

--
-- Dumping data for table `read_permissions`
--

LOCK TABLES `read_permissions` WRITE;
/*!40000 ALTER TABLE `read_permissions` DISABLE KEYS */;
INSERT INTO `read_permissions` VALUES (51,37,34),(52,50,34),(53,63,34),(54,76,34),(55,89,34),(56,102,34),(57,115,34),(58,128,34),(59,121,34),(60,154,34),(61,167,34),(62,180,34),(63,193,34),(64,206,34),(65,219,34),(66,34,34),(67,47,34),(68,60,34),(69,73,34),(70,86,34),(71,99,34),(72,112,34),(73,125,34),(74,138,34),(75,151,34),(76,164,34),(77,177,34),(78,190,34),(79,203,34),(80,216,34),(81,41,34),(82,54,34),(83,67,34),(84,80,34),(85,93,34),(86,106,34),(87,119,34),(88,132,34),(89,145,34),(90,158,34),(91,171,34),(92,184,34),(93,197,34),(94,210,34),(95,223,34),(96,233,34),(97,239,34),(98,244,34),(102,37,35),(103,50,35),(104,63,35),(105,76,35),(106,89,35),(107,102,35),(108,115,35),(109,128,35),(110,121,35),(111,154,35),(112,167,35),(113,180,35),(114,193,35),(115,206,35),(116,219,35),(117,34,35),(118,47,35),(119,60,35),(120,73,35),(121,86,35),(122,99,35),(123,112,35),(124,125,35),(125,138,35),(126,151,35),(127,164,35),(128,177,35),(129,190,35),(130,203,35),(131,216,35),(132,41,35),(133,54,35),(134,67,35),(135,80,35),(136,93,35),(137,106,35),(138,119,35),(139,132,35),(140,145,35),(141,158,35),(142,171,35),(143,184,35),(144,197,35),(145,210,35),(146,223,35),(147,233,35),(148,239,35),(149,244,35),(153,37,36),(154,50,36),(155,63,36),(156,76,36),(157,89,36),(158,102,36),(159,115,36),(160,128,36),(161,121,36),(162,154,36),(163,167,36),(164,180,36),(165,193,36),(166,206,36),(167,219,36),(168,36,36),(169,47,36),(170,60,36),(171,73,36),(172,86,36),(173,99,36),(174,112,36),(175,125,36),(176,138,36),(177,151,36),(178,164,36),(179,177,36),(180,190,36),(181,203,36),(182,216,36),(183,41,36),(184,54,36),(185,67,36),(186,80,36),(187,93,36),(188,106,36),(189,119,36),(190,132,36),(191,145,36),(192,158,36),(193,171,36),(194,184,36),(195,197,36),(196,210,36),(197,223,36),(198,233,36),(199,239,36),(200,244,36),(208,37,38),(209,50,38),(210,63,38),(211,76,38),(212,89,38),(213,102,38),(214,115,38),(215,128,38),(216,121,38),(217,154,38),(218,167,38),(219,180,38),(220,193,38),(221,206,38),(222,219,38),(223,38,38),(224,47,38),(225,60,38),(226,73,38),(227,86,38),(228,99,38),(229,112,38),(230,125,38),(231,138,38),(232,151,38),(233,164,38),(234,177,38),(235,190,38),(236,203,38),(237,216,38),(238,41,38),(239,54,38),(240,67,38),(241,80,38),(242,93,38),(243,106,38),(244,119,38),(245,132,38),(246,145,38),(247,158,38),(248,171,38),(249,184,38),(250,197,38),(251,210,38),(252,223,38),(253,233,38),(254,239,38),(255,244,38),(531,7,89),(532,8,89),(533,9,89),(534,10,89),(535,11,89),(536,12,89),(537,13,89),(538,14,89),(539,15,89),(540,16,89),(541,17,89),(542,18,89),(543,19,89),(544,20,89),(545,21,89),(546,22,89),(547,23,89),(548,24,89),(549,25,89),(550,26,89),(551,27,89),(552,28,89),(553,29,89),(554,30,89),(557,33,89),(564,7,90),(565,8,90),(566,9,90),(567,10,90),(568,11,90),(569,12,90),(570,13,90),(571,14,90),(572,15,90),(573,16,90),(574,17,90),(575,18,90),(576,19,90),(577,20,90),(578,21,90),(579,22,90),(580,23,90),(581,24,90),(582,25,90),(583,26,90),(584,27,90),(585,28,90),(586,29,90),(587,30,90),(590,33,90),(1455,34,159),(1456,36,159),(1457,37,159),(1458,38,159),(1459,39,159),(1461,41,159),(1462,42,159),(1463,43,159),(1464,44,159),(1465,47,159),(1466,49,159),(1467,50,159),(1468,51,159),(1469,52,159),(1471,54,159),(1472,55,159),(1473,56,159),(1474,57,159),(1475,60,159),(1476,62,159),(1477,63,159),(1478,64,159),(1479,65,159),(1481,67,159),(1482,68,159),(1483,69,159),(1484,70,159),(1485,73,159),(1486,75,159),(1487,76,159),(1488,77,159),(1489,78,159),(1491,80,159),(1492,81,159),(1493,82,159),(1494,83,159),(1495,86,159),(1496,88,159),(1497,89,159),(1498,90,159),(1499,91,159),(1501,93,159),(1502,94,159),(1503,95,159),(1504,96,159),(1505,99,159),(1506,101,159),(1507,102,159),(1508,103,159),(1509,104,159),(1511,106,159),(1512,107,159),(1513,108,159),(1514,109,159),(1515,112,159),(1516,114,159),(1517,115,159),(1518,116,159),(1519,117,159),(1521,119,159),(1522,120,159),(1523,121,159),(1524,122,159),(1525,125,159),(1526,127,159),(1527,128,159),(1528,129,159),(1529,130,159),(1531,132,159),(1532,133,159),(1533,134,159),(1534,135,159),(1535,138,159),(1536,140,159),(1537,141,159),(1538,142,159),(1539,143,159),(1541,145,159),(1542,146,159),(1543,147,159),(1544,148,159),(1545,151,159),(1546,153,159),(1547,154,159),(1548,155,159),(1549,156,159),(1551,158,159),(1552,159,159),(1553,160,159),(1554,161,159),(1555,164,159),(1556,166,159),(1557,167,159),(1558,168,159),(1559,169,159),(1561,171,159),(1562,172,159),(1563,173,159),(1564,174,159),(1565,177,159),(1566,179,159),(1567,180,159),(1568,181,159),(1569,182,159),(1571,184,159),(1572,185,159),(1573,186,159),(1574,187,159),(1575,190,159),(1576,192,159),(1577,193,159),(1578,194,159),(1579,195,159),(1581,197,159),(1582,198,159),(1583,199,159),(1584,200,159),(1585,203,159),(1586,205,159),(1587,206,159),(1588,207,159),(1589,208,159),(1591,210,159),(1592,211,159),(1593,212,159),(1594,213,159),(1595,216,159),(1596,218,159),(1597,219,159),(1598,220,159),(1599,221,159),(1601,223,159),(1602,224,159),(1603,225,159),(1604,226,159),(3331,95,265),(3329,94,266),(3328,94,265),(3326,93,266),(3325,93,265),(3323,92,266),(3322,92,265),(3320,91,266),(3319,91,265),(3317,90,266),(3316,90,265),(3314,89,266),(3313,89,265),(3311,88,266),(3310,88,265),(3308,87,266),(3307,87,265),(3305,86,266),(3304,86,265),(3302,83,266),(3301,83,265),(3299,82,266),(3298,82,265),(3296,81,266),(3295,81,265),(3293,80,266),(3292,80,265),(3290,79,266),(3289,79,265),(3287,78,266),(3286,78,265),(3284,77,266),(3283,77,265),(3281,76,266),(3280,76,265),(3278,75,266),(3277,75,265),(3275,74,266),(3274,74,265),(3272,73,266),(3271,73,265),(3269,70,266),(3268,70,265),(3266,69,266),(3265,69,265),(3263,68,266),(3262,68,265),(3085,2,265),(3084,1,267),(3083,1,266),(3082,1,265),(3092,4,266),(3091,4,265),(3090,3,267),(3089,3,266),(3088,3,265),(3087,2,267),(3086,2,266),(3099,6,267),(3098,6,266),(3097,6,265),(3096,5,267),(3095,5,266),(3094,5,265),(3093,4,267),(3106,9,265),(3105,8,267),(3104,8,266),(3103,8,265),(3102,7,267),(3101,7,266),(3100,7,265),(3113,12,266),(3112,12,265),(3111,11,267),(3110,11,266),(3109,11,265),(3108,9,267),(3107,9,266),(3120,14,267),(3119,14,266),(3118,14,265),(3117,13,267),(3116,13,266),(3115,13,265),(3114,12,267),(3127,17,265),(3126,16,267),(3125,16,266),(3124,16,265),(3123,15,267),(3122,15,266),(3121,15,265),(3134,19,266),(3133,19,265),(3132,18,267),(3131,18,266),(3130,18,265),(3129,17,267),(3128,17,266),(3141,21,267),(3140,21,266),(3139,21,265),(3138,20,267),(3137,20,266),(3136,20,265),(3135,19,267),(3148,24,265),(3147,23,267),(3146,23,266),(3145,23,265),(3144,22,267),(3143,22,266),(3142,22,265),(3155,26,266),(3154,26,265),(3153,25,267),(3152,25,266),(3151,25,265),(3150,24,267),(3149,24,266),(3162,28,267),(3161,28,266),(3160,28,265),(3159,27,267),(3158,27,266),(3157,27,265),(3156,26,267),(3169,33,265),(3168,30,267),(3167,30,266),(3166,30,265),(3165,29,267),(3164,29,266),(3163,29,265),(3176,35,266),(3175,35,265),(3173,34,266),(3172,34,265),(3171,33,267),(3170,33,266),(3182,37,266),(3181,37,265),(3179,36,266),(3178,36,265),(3190,40,265),(3188,39,266),(3187,39,265),(3185,38,266),(3184,38,265),(3197,42,266),(3196,42,265),(3194,41,266),(3193,41,265),(3191,40,266),(3203,44,266),(3202,44,265),(3200,43,266),(3199,43,265),(3211,49,265),(3209,48,266),(3208,48,265),(3206,47,266),(3205,47,265),(3218,51,266),(3217,51,265),(3215,50,266),(3214,50,265),(3212,49,266),(3224,53,266),(3223,53,265),(3221,52,266),(3220,52,265),(3232,56,265),(3230,55,266),(3229,55,265),(3227,54,266),(3226,54,265),(3239,60,266),(3238,60,265),(3236,57,266),(3235,57,265),(3233,56,266),(3245,62,266),(3244,62,265),(3242,61,266),(3241,61,265),(3253,65,265),(3251,64,266),(3250,64,265),(3248,63,266),(3247,63,265),(3260,67,266),(3259,67,265),(3257,66,266),(3256,66,265),(3254,65,266),(2896,6,237),(2836,37,204),(2837,50,205),(2838,63,206),(2839,76,207),(2840,89,208),(2841,102,209),(2842,115,210),(2843,128,211),(2844,141,212),(2845,154,213),(2846,167,214),(2847,180,215),(2848,193,216),(2849,206,217),(2850,219,218),(2851,41,221),(2852,54,222),(2853,67,223),(2854,80,224),(2855,93,225),(2856,106,226),(2857,119,227),(2858,132,228),(2859,145,229),(2860,158,230),(2861,171,231),(2862,184,232),(2863,197,233),(2864,210,234),(2865,223,235),(3332,95,266),(3334,96,265),(3335,96,266),(3337,99,265),(3338,99,266),(3340,100,265),(3341,100,266),(3343,101,265),(3344,101,266),(3346,102,265),(3347,102,266),(3349,103,265),(3350,103,266),(3352,104,265),(3353,104,266),(3355,105,265),(3356,105,266),(3358,106,265),(3359,106,266),(3361,107,265),(3362,107,266),(3364,108,265),(3365,108,266),(3367,109,265),(3368,109,266),(3370,112,265),(3371,112,266),(3373,113,265),(3374,113,266),(3376,114,265),(3377,114,266),(3379,115,265),(3380,115,266),(3382,116,265),(3383,116,266),(3385,117,265),(3386,117,266),(3388,118,265),(3389,118,266),(3391,119,265),(3392,119,266),(3394,120,265),(3395,120,266),(3397,121,265),(3398,121,266),(3400,122,265),(3401,122,266),(3403,125,265),(3404,125,266),(3406,126,265),(3407,126,266),(3409,127,265),(3410,127,266),(3412,128,265),(3413,128,266),(3415,129,265),(3416,129,266),(3418,130,265),(3419,130,266),(3421,131,265),(3422,131,266),(3424,132,265),(3425,132,266),(3427,133,265),(3428,133,266),(3430,134,265),(3431,134,266),(3433,135,265),(3434,135,266),(3436,138,265),(3437,138,266),(3439,139,265),(3440,139,266),(3442,140,265),(3443,140,266),(3445,141,265),(3446,141,266),(3448,142,265),(3449,142,266),(3451,143,265),(3452,143,266),(3454,144,265),(3455,144,266),(3457,145,265),(3458,145,266),(3460,146,265),(3461,146,266),(3463,147,265),(3464,147,266),(3466,148,265),(3467,148,266),(3469,151,265),(3470,151,266),(3472,152,265),(3473,152,266),(3475,153,265),(3476,153,266),(3478,154,265),(3479,154,266),(3481,155,265),(3482,155,266),(3484,156,265),(3485,156,266),(3487,157,265),(3488,157,266),(3490,158,265),(3491,158,266),(3493,159,265),(3494,159,266),(3496,160,265),(3497,160,266),(3499,161,265),(3500,161,266),(3502,164,265),(3503,164,266),(3505,165,265),(3506,165,266),(3508,166,265),(3509,166,266),(3511,167,265),(3512,167,266),(3514,168,265),(3515,168,266),(3517,169,265),(3518,169,266),(3520,170,265),(3521,170,266),(3523,171,265),(3524,171,266),(3526,172,265),(3527,172,266),(3529,173,265),(3530,173,266),(3532,174,265),(3533,174,266),(3535,177,265),(3536,177,266),(3538,178,265),(3539,178,266),(3541,179,265),(3542,179,266),(3544,180,265),(3545,180,266),(3547,181,265),(3548,181,266),(3550,182,265),(3551,182,266),(3553,183,265),(3554,183,266),(3556,184,265),(3557,184,266),(3559,185,265),(3560,185,266),(3562,186,265),(3563,186,266),(3565,187,265),(3566,187,266),(3568,190,265),(3569,190,266),(3571,191,265),(3572,191,266),(3574,192,265),(3575,192,266),(3577,193,265),(3578,193,266),(3580,194,265),(3581,194,266),(3583,195,265),(3584,195,266),(3586,196,265),(3587,196,266),(3589,197,265),(3590,197,266),(3592,198,265),(3593,198,266),(3595,199,265),(3596,199,266),(3598,200,265),(3599,200,266),(3601,203,265),(3602,203,266),(3604,204,265),(3605,204,266),(3607,205,265),(3608,205,266),(3610,206,265),(3611,206,266),(3613,207,265),(3614,207,266),(3616,208,265),(3617,208,266),(3619,209,265),(3620,209,266),(3622,210,265),(3623,210,266),(3625,211,265),(3626,211,266),(3628,212,265),(3629,212,266),(3631,213,265),(3632,213,266),(3634,216,265),(3635,216,266),(3637,217,265),(3638,217,266),(3640,218,265),(3641,218,266),(3643,219,265),(3644,219,266),(3646,220,265),(3647,220,266),(3649,221,265),(3650,221,266),(3652,222,265),(3653,222,266),(3655,223,265),(3656,223,266),(3658,224,265),(3659,224,266),(3661,225,265),(3662,225,266),(3664,226,265),(3665,226,266),(3667,229,265),(3668,229,266),(3670,230,265),(3671,230,266),(3673,231,265),(3674,231,266),(3676,232,265),(3677,232,266),(3678,232,267),(3679,295,265),(3680,295,266),(3682,296,265),(3683,296,266),(3685,252,21);
/*!40000 ALTER TABLE `read_permissions` ENABLE KEYS */;
UNLOCK TABLES;

--
-- Table structure for table `receive_dg`
--

DROP TABLE IF EXISTS `receive_dg`;
/*!40101 SET @saved_cs_client     = @@character_set_client */;
/*!40101 SET character_set_client = utf8 */;
CREATE TABLE `receive_dg` (
  `receiveDGID` int(11) NOT NULL AUTO_INCREMENT,
  `distributionGroup` int(11) NOT NULL,
  `position` int(11) NOT NULL,
  PRIMARY KEY (`receiveDGID`),
  UNIQUE KEY `distributionGroup` (`distributionGroup`,`position`),
  KEY `position` (`position`)
) ENGINE=MyISAM AUTO_INCREMENT=627 DEFAULT CHARSET=latin1;
/*!40101 SET character_set_client = @saved_cs_client */;

--
-- Dumping data for table `receive_dg`
--

LOCK TABLES `receive_dg` WRITE;
/*!40000 ALTER TABLE `receive_dg` DISABLE KEYS */;
INSERT INTO `receive_dg` VALUES (1,1,1),(2,1,2),(3,1,3),(4,1,4),(5,1,5),(6,1,6),(7,1,7),(8,1,8),(9,1,9),(10,1,10),(11,1,11),(12,1,12),(13,1,13),(14,1,14),(15,1,15),(16,1,16),(17,1,17),(18,1,18),(19,1,19),(20,1,20),(21,1,21),(22,1,22),(23,1,23),(24,1,24),(25,1,25),(26,1,26),(27,1,27),(28,1,28),(29,1,29),(30,1,30),(31,1,31),(32,1,32),(33,1,33),(34,2,34),(35,2,47),(36,2,60),(37,2,73),(38,2,86),(39,2,99),(40,2,112),(41,2,125),(42,2,138),(43,2,151),(44,2,164),(45,2,177),(46,2,190),(47,2,203),(48,2,216),(49,3,37),(50,3,50),(51,3,63),(52,3,76),(53,3,89),(54,3,102),(55,3,115),(56,3,128),(57,3,141),(58,3,154),(59,3,167),(60,3,180),(61,3,193),(62,3,206),(63,3,219),(64,4,38),(65,4,51),(66,4,64),(67,4,77),(68,4,90),(69,4,103),(70,4,116),(71,4,129),(72,4,142),(73,4,155),(74,4,168),(75,4,181),(76,4,194),(77,4,207),(78,4,220),(79,5,41),(80,5,54),(81,5,67),(82,5,80),(83,5,93),(84,5,106),(85,5,119),(86,5,132),(87,5,145),(88,5,158),(89,5,171),(90,5,184),(91,5,197),(92,5,210),(93,5,223),(94,6,42),(95,6,55),(96,6,68),(97,6,81),(98,6,94),(99,6,107),(100,6,120),(101,6,133),(102,6,146),(103,6,159),(104,6,172),(105,6,185),(106,6,198),(107,6,211),(108,6,224),(109,7,43),(110,7,56),(111,7,69),(112,7,82),(113,7,95),(114,7,108),(115,7,121),(116,7,134),(117,7,147),(118,7,160),(119,7,173),(120,7,186),(121,7,199),(122,7,212),(123,7,225),(124,8,36),(125,8,49),(126,8,62),(127,8,75),(128,8,88),(129,8,101),(130,8,114),(131,8,127),(132,8,140),(133,8,153),(134,8,166),(135,8,179),(136,8,192),(137,8,205),(138,8,218),(139,8,230),(140,9,229),(141,9,230),(142,9,231),(143,9,232),(144,9,295),(145,9,296),(146,10,34),(147,10,35),(148,10,36),(149,10,37),(150,10,38),(151,10,39),(152,10,40),(153,10,41),(154,10,42),(155,10,43),(156,10,44),(157,10,45),(158,10,46),(159,10,47),(160,10,48),(161,10,49),(162,10,50),(163,10,51),(164,10,52),(165,10,53),(166,10,54),(167,10,55),(168,10,56),(169,10,57),(170,10,58),(171,10,59),(172,10,60),(173,10,61),(174,10,62),(175,10,63),(176,10,64),(177,10,65),(178,10,66),(179,10,67),(180,10,68),(181,10,69),(182,10,70),(183,10,71),(184,10,72),(185,10,73),(186,10,74),(187,10,75),(188,10,76),(189,10,77),(190,10,78),(191,10,79),(192,10,80),(193,10,81),(194,10,82),(195,10,83),(196,10,84),(197,10,85),(198,10,86),(199,10,87),(200,10,88),(201,10,89),(202,10,90),(203,10,91),(204,10,92),(205,10,93),(206,10,94),(207,10,95),(208,10,96),(209,10,97),(210,10,98),(211,10,99),(212,10,100),(213,10,101),(214,10,102),(215,10,103),(216,10,104),(217,10,105),(218,10,106),(219,10,107),(220,10,108),(221,10,109),(222,10,110),(223,10,111),(224,10,112),(225,10,113),(226,10,114),(227,10,115),(228,10,116),(229,10,117),(230,10,118),(231,10,119),(232,10,120),(233,10,121),(234,10,122),(235,10,123),(236,10,124),(237,10,125),(238,10,126),(239,10,127),(240,10,128),(241,10,129),(242,10,130),(243,10,131),(244,10,132),(245,10,133),(246,10,134),(247,10,135),(248,10,136),(249,10,137),(250,10,138),(251,10,139),(252,10,140),(253,10,141),(254,10,142),(255,10,143),(256,10,144),(257,10,145),(258,10,146),(259,10,147),(260,10,148),(261,10,149),(262,10,150),(263,10,151),(264,10,152),(265,10,153),(266,10,154),(267,10,155),(268,10,156),(269,10,157),(270,10,158),(271,10,159),(272,10,160),(273,10,161),(274,10,162),(275,10,163),(276,10,164),(277,10,165),(278,10,166),(279,10,167),(280,10,168),(281,10,169),(282,10,170),(283,10,171),(284,10,172),(285,10,173),(286,10,174),(287,10,175),(288,10,176),(289,10,177),(290,10,178),(291,10,179),(292,10,180),(293,10,181),(294,10,182),(295,10,183),(296,10,184),(297,10,185),(298,10,186),(299,10,187),(300,10,188),(301,10,189),(302,10,190),(303,10,191),(304,10,192),(305,10,193),(306,10,194),(307,10,195),(308,10,196),(309,10,197),(310,10,198),(311,10,199),(312,10,200),(313,10,201),(314,10,202),(315,10,203),(316,10,204),(317,10,205),(318,10,206),(319,10,207),(320,10,208),(321,10,209),(322,10,210),(323,10,211),(324,10,212),(325,10,213),(326,10,214),(327,10,215),(328,10,216),(329,10,217),(330,10,218),(331,10,219),(332,10,220),(333,10,221),(334,10,222),(335,10,223),(336,10,224),(337,10,225),(338,10,226),(339,10,227),(340,10,228),(341,10,229),(342,10,230),(343,10,231),(344,10,232),(626,36,300),(625,25,300),(407,10,295),(408,10,296),(409,11,34),(410,11,35),(411,11,36),(412,11,37),(413,11,38),(414,11,39),(415,11,40),(416,11,41),(417,11,42),(418,11,43),(419,11,44),(420,11,45),(421,11,46),(422,12,47),(423,12,48),(424,12,49),(425,12,50),(426,12,51),(427,12,52),(428,12,53),(429,12,54),(430,12,55),(431,12,56),(432,12,57),(433,12,58),(434,12,59),(435,13,60),(436,13,61),(437,13,62),(438,13,63),(439,13,64),(440,13,65),(441,13,66),(442,13,67),(443,13,68),(444,13,69),(445,13,70),(446,13,71),(447,13,72),(448,14,203),(449,14,204),(450,14,205),(451,14,206),(452,14,207),(453,14,208),(454,14,209),(455,14,210),(456,14,211),(457,14,212),(458,14,213),(459,14,214),(460,14,215),(461,15,190),(462,15,191),(463,15,192),(464,15,193),(465,15,194),(466,15,195),(467,15,196),(468,15,197),(469,15,198),(470,15,199),(471,15,200),(472,15,201),(473,15,202),(474,16,73),(475,16,74),(476,16,75),(477,16,76),(478,16,77),(479,16,78),(480,16,79),(481,16,80),(482,16,81),(483,16,82),(484,16,83),(485,16,84),(486,16,85),(487,17,86),(488,17,87),(489,17,88),(490,17,89),(491,17,90),(492,17,91),(493,17,92),(494,17,93),(495,17,94),(496,17,95),(497,17,96),(498,17,97),(499,17,98),(500,18,138),(501,18,139),(502,18,140),(503,18,141),(504,18,142),(505,18,143),(506,18,144),(507,18,145),(508,18,146),(509,18,147),(510,18,148),(511,18,149),(512,18,150),(513,19,99),(514,19,100),(515,19,101),(516,19,102),(517,19,103),(518,19,104),(519,19,105),(520,19,106),(521,19,107),(522,19,108),(523,19,109),(524,19,110),(525,19,111),(526,20,112),(527,20,113),(528,20,114),(529,20,115),(530,20,116),(531,20,117),(532,20,118),(533,20,119),(534,20,120),(535,20,121),(536,20,122),(537,20,123),(538,20,124),(539,21,151),(540,21,152),(541,21,153),(542,21,154),(543,21,155),(544,21,156),(545,21,157),(546,21,158),(547,21,159),(548,21,160),(549,21,161),(550,21,162),(551,21,163),(552,22,125),(553,22,126),(554,22,127),(555,22,128),(556,22,129),(557,22,130),(558,22,131),(559,22,132),(560,22,133),(561,22,134),(562,22,135),(563,22,136),(564,22,137),(565,23,177),(566,23,178),(567,23,179),(568,23,180),(569,23,181),(570,23,182),(571,23,183),(572,23,184),(573,23,185),(574,23,186),(575,23,187),(576,23,188),(577,23,189),(578,24,164),(579,24,165),(580,24,166),(581,24,167),(582,24,168),(583,24,169),(584,24,170),(585,24,171),(586,24,172),(587,24,173),(588,24,174),(589,24,175),(590,24,176),(591,25,233),(592,25,234),(593,25,235),(594,25,236),(595,25,237),(596,25,238),(597,25,239),(598,25,240),(599,25,241),(600,25,242),(601,25,243),(602,25,244),(603,25,245),(604,25,246),(605,25,247),(606,25,248),(607,25,249),(608,25,250),(609,25,251),(610,36,239),(611,36,240),(612,36,241),(613,36,242),(614,36,243),(615,37,244),(616,37,245),(617,37,246),(618,37,247),(619,37,248),(620,37,249),(621,38,247),(622,38,249);
/*!40000 ALTER TABLE `receive_dg` ENABLE KEYS */;
UNLOCK TABLES;

--
-- Table structure for table `schools_departments`
--

DROP TABLE IF EXISTS `schools_departments`;
/*!40101 SET @saved_cs_client     = @@character_set_client */;
/*!40101 SET character_set_client = utf8 */;
CREATE TABLE `schools_departments` (
  `schoolDepartmentID` int(11) NOT NULL AUTO_INCREMENT,
  `name` varchar(64) NOT NULL,
  `abbreviation` varchar(3) DEFAULT NULL,
  `division` int(11) NOT NULL,
  `emailDomain` varchar(64) NOT NULL,
  `phoneNumber` varchar(15) DEFAULT NULL,
  PRIMARY KEY (`schoolDepartmentID`),
  UNIQUE KEY `name` (`name`),
  UNIQUE KEY `abbreviation` (`abbreviation`),
  KEY `division` (`division`)
) ENGINE=MyISAM AUTO_INCREMENT=52 DEFAULT CHARSET=latin1;
/*!40101 SET character_set_client = @saved_cs_client */;

--
-- Dumping data for table `schools_departments`
--

LOCK TABLES `schools_departments` WRITE;
/*!40000 ALTER TABLE `schools_departments` DISABLE KEYS */;
INSERT INTO `schools_departments` VALUES (1,'Administration',NULL,1,'americanedgroup.com','616-301-1221'),(2,'Coaching and Learning',NULL,1,'americanedgroup.com','616-301-1221'),(3,'Human Resources',NULL,1,'americanedgroup.com','616-301-1221'),(4,'Information Technology',NULL,1,'americanedgroup.com','616-301-1221'),(5,'Finance',NULL,1,'americanedgroup.com','616-301-1221'),(6,'Marketing',NULL,1,'americanedgroup.com','616-301-1221'),(7,'New Business Development',NULL,1,'americanedgroup.com','616-301-1221'),(8,'Procurement',NULL,1,'americanedgroup.com','616-301-1221'),(9,'Fusion Huntington Beach','HB',2,'fusionacademy.com','657-200-2300'),(10,'Fusion Los Angeles','LA',2,'fusionacademy.com','310-445-2516'),(11,'Fusion Los Gatos','LG',2,'fusionacademy.com','408-354-0802'),(12,'Fusion Mission Viejo','MV',2,'fusionacademy.com','949-716-7384'),(13,'Fusion Pasadena','PA',2,'fusionacademy.com','323-258-2012'),(14,'Fusion San Diego','SD',2,'fusionacademy.com','866-670-9296'),(15,'Fusion San Francisco','SF',2,'fusionacademy.com','415-765-9078'),(16,'Fusion San Mateo','SM',2,'fusionacademy.com','650-312-8305'),(17,'Fusion South Bay','SB',2,'fusionacademy.com','310-376-5139'),(18,'Fusion Solana Beach','SLB',2,'fusionacademy.com','858-792-2300'),(19,'Fusion Walnut Creek','WCR',2,'fusionacademy.com','925-296-0053'),(20,'Fusion Warner Center','WC',2,'fusionacademy.com','818-712-9521'),(21,'Fusion Manhattan','MN',2,'fusionacademy.com','646-290-5203'),(22,'Fusion Woodbury','WBY',2,'fusionacademy.com','631-390-8366'),(23,'Fusion Westchester','WE',2,'fusionacademy.com','866-622-7853'),(24,'Fusion Regional','REG',2,'fusionacademy.com','626-616-2060'),(25,'Barnstable Academy',NULL,3,'barnstableacademy.com','201-651-0200'),(26,'Shreiner Academy',NULL,3,'shreineracademy.com','770-953-1340'),(27,'Tampa Day School',NULL,3,'tampadayschool.com','813-269-2100'),(28,'Amesbury',NULL,4,'littlesprouts.com','978-388-1299'),(29,'Andover',NULL,4,'littlesprouts.com','978-691-1178'),(30,'Andover Industrial',NULL,4,'littlesprouts.com','978-688-4270'),(31,'Brighton',NULL,4,'littlesprouts.com','617-254-1283'),(32,'Dedham',NULL,4,'littlesprouts.com','781-329-8603'),(33,'Haverhill',NULL,4,'littlesprouts.com','978-269-0044'),(34,'Haverhill NECC',NULL,4,'littlesprouts.com','978-374-7260'),(35,'Lawrence',NULL,4,'littlesprouts.com','978-291-0342'),(36,'Lowell',NULL,4,'littlesprouts.com','978-453-6614'),(37,'Methuen',NULL,4,'littlesprouts.com','978-683-1567'),(38,'North Andover',NULL,4,'littlesprouts.com','978-208-4796'),(39,'Roxbury RCC',NULL,4,'littlesprouts.com','617-933-7492'),(40,'Wilmington',NULL,4,'littlesprouts.com','978-658-2680'),(41,'Woburn',NULL,4,'littlesprouts.com','782-569-1410'),(42,'Boston',NULL,4,'littlesprouts.com','877-977-7688'),(43,'Nashua',NULL,4,'littlesprouts.com','877-977-7688'),(44,'Little Sprouts Corporate',NULL,4,'littlesprouts.com','978-291-0256');
/*!40000 ALTER TABLE `schools_departments` ENABLE KEYS */;
UNLOCK TABLES;

--
-- Table structure for table `send_to_dg`
--

DROP TABLE IF EXISTS `send_to_dg`;
/*!40101 SET @saved_cs_client     = @@character_set_client */;
/*!40101 SET character_set_client = utf8 */;
CREATE TABLE `send_to_dg` (
  `sendToDGID` int(11) NOT NULL AUTO_INCREMENT,
  `distributionGroup` int(11) NOT NULL,
  `position` int(11) NOT NULL,
  PRIMARY KEY (`sendToDGID`),
  UNIQUE KEY `distributionGroup` (`distributionGroup`,`position`),
  KEY `position` (`position`)
) ENGINE=MyISAM AUTO_INCREMENT=468 DEFAULT CHARSET=latin1;
/*!40101 SET character_set_client = @saved_cs_client */;

--
-- Dumping data for table `send_to_dg`
--

LOCK TABLES `send_to_dg` WRITE;
/*!40000 ALTER TABLE `send_to_dg` DISABLE KEYS */;
INSERT INTO `send_to_dg` VALUES (1,1,1),(2,1,2),(3,1,3),(4,1,4),(5,1,5),(6,1,6),(7,1,7),(8,1,8),(9,1,9),(10,1,10),(11,1,11),(12,1,12),(13,1,13),(14,1,14),(15,1,15),(16,1,16),(17,1,17),(18,1,18),(19,1,19),(20,1,20),(21,1,21),(22,1,22),(23,1,23),(24,1,24),(25,1,25),(26,1,26),(27,1,27),(28,1,28),(29,1,29),(30,1,30),(31,1,31),(32,1,32),(33,1,33),(34,2,34),(35,2,47),(36,2,60),(37,2,73),(38,2,86),(39,2,99),(40,2,112),(41,2,125),(42,2,138),(43,2,151),(44,2,164),(45,2,177),(46,2,190),(47,2,203),(48,2,216),(49,2,296),(50,3,37),(51,3,50),(52,3,63),(53,3,76),(54,3,89),(55,3,102),(56,3,115),(57,3,128),(58,3,141),(59,3,154),(60,3,167),(61,3,180),(62,3,193),(63,3,206),(64,3,219),(65,3,296),(66,4,38),(67,4,51),(68,4,64),(69,4,77),(70,4,90),(71,4,103),(72,4,116),(73,4,129),(74,4,142),(75,4,155),(76,4,168),(77,4,181),(78,4,194),(79,4,207),(80,4,220),(81,4,296),(82,5,231),(83,5,296),(84,5,41),(85,5,54),(86,5,67),(87,5,80),(88,5,93),(89,5,106),(90,5,119),(91,5,132),(92,5,145),(93,5,158),(94,5,171),(95,5,184),(96,5,197),(97,5,210),(98,5,223),(99,5,40),(100,5,53),(101,5,66),(102,5,79),(103,5,92),(104,5,105),(105,5,118),(106,5,131),(107,5,144),(108,5,157),(109,5,170),(110,5,183),(111,5,196),(112,5,209),(113,5,222),(114,6,42),(115,6,55),(116,6,68),(117,6,81),(118,6,94),(119,6,107),(120,6,120),(121,6,133),(122,6,146),(123,6,159),(124,6,172),(125,6,185),(126,6,198),(127,6,211),(128,6,224),(129,6,296),(130,7,43),(131,7,56),(132,7,69),(133,7,82),(134,7,95),(135,7,108),(136,7,121),(137,7,134),(138,7,147),(139,7,160),(140,7,173),(141,7,186),(142,7,199),(143,7,212),(144,7,225),(145,7,296),(146,8,231),(147,8,296),(148,8,40),(149,8,53),(150,8,66),(151,8,79),(152,8,92),(153,8,105),(154,8,118),(155,8,131),(156,8,144),(157,8,157),(158,8,170),(159,8,183),(160,8,196),(161,8,209),(162,8,222),(163,8,36),(164,8,49),(165,8,62),(166,8,75),(167,8,88),(168,8,101),(169,8,114),(170,8,127),(171,8,140),(172,8,153),(173,8,166),(174,8,179),(175,8,192),(176,8,205),(177,8,218),(178,8,230),(179,9,231),(180,9,296),(181,9,40),(182,9,53),(183,9,66),(184,9,79),(185,9,92),(186,9,105),(187,9,118),(188,9,131),(189,9,144),(190,9,157),(191,9,170),(192,9,183),(193,9,196),(194,9,209),(195,9,222),(196,10,1),(197,10,2),(198,10,3),(199,10,4),(200,10,5),(201,10,6),(202,10,7),(203,10,8),(204,10,9),(205,10,11),(206,10,12),(207,10,14),(208,10,16),(209,10,17),(210,10,23),(211,10,24),(212,10,32),(213,10,33),(214,10,296),(215,11,34),(216,11,35),(217,11,37),(218,11,38),(219,11,39),(220,11,40),(221,11,41),(222,11,42),(223,11,43),(224,11,44),(225,11,45),(226,11,46),(227,11,229),(228,11,230),(229,11,231),(230,11,232),(231,11,295),(232,11,296),(233,12,47),(234,12,48),(235,12,50),(236,12,51),(237,12,52),(238,12,53),(239,12,54),(240,12,55),(241,12,56),(242,12,57),(243,12,58),(244,12,59),(245,12,229),(246,12,230),(247,12,231),(248,12,232),(249,12,295),(250,12,296),(251,13,60),(252,13,61),(253,13,63),(254,13,64),(255,13,65),(256,13,66),(257,13,67),(258,13,68),(259,13,69),(260,13,70),(261,13,71),(262,13,72),(263,13,229),(264,13,230),(265,13,231),(266,13,232),(267,13,295),(268,13,296),(269,14,203),(270,14,204),(271,14,206),(272,14,207),(273,14,208),(274,14,209),(275,14,210),(276,14,211),(277,14,212),(278,14,213),(279,14,214),(280,14,215),(281,14,229),(282,14,230),(283,14,231),(284,14,232),(285,14,295),(286,14,296),(287,15,190),(288,15,191),(289,15,193),(290,15,194),(291,15,195),(292,15,196),(293,15,197),(294,15,198),(295,15,199),(296,15,200),(297,15,201),(298,15,202),(299,15,229),(300,15,230),(301,15,231),(302,15,232),(303,15,295),(304,15,296),(305,16,73),(306,16,74),(307,16,76),(308,16,77),(309,16,78),(310,16,79),(311,16,80),(312,16,81),(313,16,82),(314,16,83),(315,16,84),(316,16,85),(317,21,229),(318,21,230),(319,21,231),(320,21,232),(321,21,295),(322,21,296),(323,22,125),(324,22,126),(325,22,128),(326,22,129),(327,22,130),(328,22,131),(329,22,132),(330,22,133),(331,22,134),(332,22,135),(333,22,136),(334,22,137),(335,22,229),(336,22,230),(337,22,231),(338,22,232),(339,22,295),(340,22,296),(341,23,177),(342,23,178),(343,23,180),(344,23,181),(345,23,182),(346,23,183),(347,23,184),(348,23,185),(349,23,186),(350,23,187),(351,23,188),(352,23,189),(353,23,229),(354,23,230),(355,23,231),(356,23,232),(357,23,295),(358,23,296),(359,24,164),(360,24,165),(361,24,167),(362,24,168),(363,24,169),(364,24,170),(365,24,171),(366,24,172),(367,24,173),(368,24,174),(369,24,175),(370,24,176),(371,24,229),(372,24,230),(373,24,231),(374,24,232),(375,24,295),(376,24,296),(377,17,86),(378,17,87),(379,17,89),(380,17,90),(381,17,91),(382,17,92),(383,17,93),(384,17,94),(385,17,95),(386,17,96),(387,17,97),(388,17,98),(389,18,138),(390,18,139),(391,18,141),(392,18,142),(393,18,143),(394,18,144),(395,18,145),(396,18,146),(397,18,147),(398,18,148),(399,18,149),(400,18,150),(401,19,99),(402,19,100),(403,19,102),(404,19,103),(405,19,104),(406,19,105),(407,19,106),(408,19,107),(409,19,108),(410,19,109),(411,19,110),(412,19,111),(413,20,112),(414,20,113),(415,20,115),(416,20,116),(417,20,117),(418,20,118),(419,20,119),(420,20,120),(421,20,121),(422,20,122),(423,20,123),(424,20,124),(425,16,229),(426,16,230),(427,16,231),(428,16,232),(429,16,295),(430,16,296),(431,17,229),(432,17,230),(433,17,231),(434,17,232),(435,17,295),(436,17,296),(437,18,229),(438,18,230),(439,18,231),(440,18,232),(441,18,295),(442,18,296),(443,19,229),(444,19,230),(445,19,231),(446,19,232),(447,19,295),(448,19,296),(449,20,229),(450,20,230),(451,20,231),(452,20,232),(453,20,295),(454,20,296),(455,21,151),(456,21,152),(457,21,154),(458,21,155),(459,21,156),(460,21,157),(461,21,158),(462,21,159),(463,21,160),(464,21,161),(465,21,162),(466,21,163);
/*!40000 ALTER TABLE `send_to_dg` ENABLE KEYS */;
UNLOCK TABLES;

--
-- Table structure for table `source_directories`
--

DROP TABLE IF EXISTS `source_directories`;
/*!40101 SET @saved_cs_client     = @@character_set_client */;
/*!40101 SET character_set_client = utf8 */;
CREATE TABLE `source_directories` (
  `sourceDirectoryID` int(11) NOT NULL AUTO_INCREMENT,
  `name` varchar(128) NOT NULL,
  `parent` int(11) NOT NULL,
  PRIMARY KEY (`sourceDirectoryID`),
  UNIQUE KEY `name` (`name`,`parent`),
  KEY `parent` (`parent`)
) ENGINE=MyISAM AUTO_INCREMENT=273 DEFAULT CHARSET=latin1;
/*!40101 SET character_set_client = @saved_cs_client */;

--
-- Dumping data for table `source_directories`
--

LOCK TABLES `source_directories` WRITE;
/*!40000 ALTER TABLE `source_directories` DISABLE KEYS */;
INSERT INTO `source_directories` VALUES (1,'American Education Group',1),(2,'AEG',1),(3,'Schools',1),(4,'Team Sites',1),(5,'Administration',2),(6,'Information Technology',2),(7,'Marketing',2),(8,'Human Resources',2),(9,'Finance',2),(10,'Coaching and Learning',2),(11,'New Business Development',2),(12,'Procurement',2),(13,'Fusion Division',3),(14,'Lexis',3),(15,'Little Sprouts',3),(16,'AEG R.O.C.K.S!',4),(17,'NSO',4),(18,'MPOPs',4),(19,'EPIC! Portal',4),(20,'1:1 Digital Curriculum',4),(21,'Private',5),(22,'Public',5),(23,'Private',6),(24,'Public',6),(25,'IT Planning',6),(26,'Corporate Email Migration',6),(27,'Test Marketing',7),(28,'Private',7),(29,'Public',7),(30,'Task List',7),(31,'Project Tasks',7),(32,'Private',8),(33,'Public',8),(34,'New Hire Paperwork',8),(35,'Benefits',8),(36,'Observation',8),(37,'Fusionology',8),(38,'HR Resources',8),(39,'Private',9),(40,'Public',9),(41,'Administrator',9),(42,'Private',11),(43,'Public',11),(44,'Private',12),(45,'Public',12),(46,'Master Task List',12),(47,'Master Calendar',12),(48,'Huntington Beach',13),(49,'Woodbury',13),(50,'Los Angeles',13),(51,'Los Gatos',13),(52,'Manhattan',13),(53,'Mission Viejo',13),(54,'Pasadena',13),(55,'Regional',13),(56,'San Francisco',13),(57,'San Mateo',13),(58,'Solana Beach',13),(59,'South Bay',13),(60,'Walnut Creek',13),(61,'Warner Center',13),(62,'Fusionology',13),(63,'Discussion Board',13),(64,'Outreach',13),(65,'Accounting',13),(66,'Leadership',13),(67,'Registrar',13),(68,'Curriculum',13),(69,'Training',13),(70,'Barnstable',14),(71,'Shreiner',14),(72,'Tampa Day',14),(73,'Talking Heads',14),(74,'Curriculum',14),(75,'Scholarship',14),(76,'Private',15),(77,'Public',15),(78,'SMK',15),(79,'Financials',15),(80,'Data Centralization',15),(81,'Corporate',16),(82,'Fusion',16),(83,'Little Sprouts',16),(84,'Private',17),(85,'Public',17),(86,'New Business Development',17),(87,'Construction Folder',17),(88,'Real Estate Folder',17),(89,'Project Tasks',17),(90,'Project Calendar',17),(91,'Private',18),(92,'Public',18),(93,'Little Sprouts',18),(94,'Fusion Division',18),(95,'Tampa Day School',18),(96,'Barnstable Academy',18),(97,'Shreiner Academy',18),(98,'Private',19),(99,'Public',19),(100,'EPIC! Summits',19),(101,'Reinventing School News',19),(103,'Staff',48),(104,'Public',48),(105,'Administrators',48),(106,'Head of School',48),(107,'Staff',50),(108,'Public',50),(109,'Administrators',50),(110,'Head of School',50),(111,'Staff',51),(112,'Public',51),(113,'Administrators',51),(114,'Head of School',51),(115,'Staff',53),(116,'Public',53),(117,'Administrators',53),(118,'Head of School',53),(119,'Staff',54),(120,'Public',54),(121,'Administrators',54),(122,'Head of School',54),(123,'Staff',203),(124,'Public',203),(125,'Administrators',203),(126,'Head of School',203),(127,'Staff',56),(128,'Public',56),(129,'Administrators',56),(130,'Head of School',56),(131,'Staff',57),(132,'Public',57),(133,'Administrators',57),(134,'Head of School',57),(135,'Staff',59),(136,'Public',59),(137,'Administrators',59),(138,'Head of School',59),(139,'Staff',58),(140,'Public',58),(141,'Administrators',58),(142,'Head of School',58),(143,'Staff',60),(144,'Public',60),(145,'Administrators',60),(146,'Head of School',60),(147,'Staff',61),(148,'Public',61),(149,'Administrators',61),(150,'Head of School',61),(151,'Staff',52),(152,'Public',52),(153,'Administrators',52),(154,'Head of School',52),(155,'Staff',49),(156,'Public',49),(157,'Administrators',49),(158,'Head of School',49),(159,'Fusionology Content',62),(160,'Private',62),(161,'Public',62),(162,'Collaboration',62),(163,'Marketing',63),(164,'Private',64),(165,'Public',64),(166,'Outreach Discussions',64),(167,'Private',65),(168,'Public',65),(169,'Billing',65),(170,'Budget',65),(171,'Private',66),(172,'Public',66),(173,'Private',67),(174,'Public',67),(175,'Site Pages',67),(176,'Transcript Requests',67),(177,'POC',67),(178,'Private',68),(179,'Public',68),(180,'EPICenter!',68),(181,'Private',69),(182,'Public',69),(183,'Private',70),(184,'Public',70),(185,'Administrators',70),(186,'School',70),(187,'Sick or Coverage',70),(188,'Private',71),(189,'Public',71),(190,'Administrators',71),(191,'School',71),(192,'Sick or Coverage',71),(193,'Private',72),(194,'Public',72),(195,'Administrators',72),(196,'School',72),(197,'Sick or Coverage',72),(198,'Leadership',73),(199,'EPIC! Customer Service',73),(200,'Private',74),(201,'Public',74),(202,'Private',75),(203,'San Diego',13),(204,'Fusion Huntington Beach',169),(205,'Fusion Los Angeles',169),(206,'Fusion Los Gatos',169),(207,'Fusion Mission Viejo',169),(208,'Fusion Pasadena',169),(209,'Fusion San Diego',169),(210,'Fusion San Francisco',169),(211,'Fusion San Mateo',169),(212,'Fusion South Bay',169),(213,'Fusion Solana Beach',169),(214,'Fusion Walnut Creek',169),(215,'Fusion Warner Center',169),(216,'Fusion Manhattan',169),(217,'Fusion Long Island',169),(218,'Fusion Westchester',169),(219,'Fusion ALL',169),(220,'Fusion ALL',170),(221,'Fusion Huntington Beach',170),(222,'Fusion Los Angeles',170),(223,'Fusion Los Gatos',170),(224,'Fusion Mission Viejo',170),(225,'Fusion Pasadena',170),(226,'Fusion San Diego',170),(227,'Fusion San Francisco',170),(228,'Fusion San Mateo',170),(229,'Fusion South Bay',170),(230,'Fusion Solana Beach',170),(231,'Fusion Walnut Creek',170),(232,'Fusion Warner Center',170),(233,'Fusion Manhattan',170),(234,'Fusion Woodbury',170),(235,'Fusion Westchester',170),(271,'SIS Experts',6),(237,'Accounts Receivable',65),(238,'Financial Information',4),(239,'Fusion Solana Beach',238),(240,'Fusion Los Angeles',238),(241,'Fusion Mission Viejo',238),(242,'Fusion Huntington Beach',238),(243,'Fusion Warner Center',238),(244,'Fusion South Bay',238),(245,'Fusion Pasadena',238),(246,'Fusion San Francisco',238),(247,'Fusion San Mateo',238),(248,'Fusion Los Gatos',238),(249,'Fusion Walnut Creek',238),(250,'Fusion Manhattan',238),(251,'Fusion Woodbury',238),(252,'Fusion San Diego',238),(253,'Fusion Westchester',238),(254,'Tampa Day',238),(255,'Shreiner',238),(256,'Barnstable',238),(257,'AEG Administration',238),(258,'AEG Accounting',238),(259,'AEG Education',238),(260,'AEG Fusion Ops',238),(261,'AEG IT',238),(262,'AEG Marketing',238),(263,'AEG New School Development',238),(264,'AEG Human Resources',238),(266,'TNT Content',265),(265,'TNT',4),(267,'Private',265);
/*!40000 ALTER TABLE `source_directories` ENABLE KEYS */;
UNLOCK TABLES;
/*!40103 SET TIME_ZONE=@OLD_TIME_ZONE */;

/*!40101 SET SQL_MODE=@OLD_SQL_MODE */;
/*!40014 SET FOREIGN_KEY_CHECKS=@OLD_FOREIGN_KEY_CHECKS */;
/*!40014 SET UNIQUE_CHECKS=@OLD_UNIQUE_CHECKS */;
/*!40101 SET CHARACTER_SET_CLIENT=@OLD_CHARACTER_SET_CLIENT */;
/*!40101 SET CHARACTER_SET_RESULTS=@OLD_CHARACTER_SET_RESULTS */;
/*!40101 SET COLLATION_CONNECTION=@OLD_COLLATION_CONNECTION */;
/*!40111 SET SQL_NOTES=@OLD_SQL_NOTES */;

-- Dump completed on 2012-11-18 14:20:48
