-- phpMyAdmin SQL Dump
-- version 3.4.10.1
-- http://www.phpmyadmin.net
--
-- Host: ecnitdb.db
-- Generation Time: Aug 20, 2012 at 05:57 PM
-- Server version: 5.3.7
-- PHP Version: 5.3.10-nfsn2

SET SQL_MODE="NO_AUTO_VALUE_ON_ZERO";
SET time_zone = "+00:00";

--
-- Database: `ecnitdb`
--
CREATE DATABASE `ecnitdb` DEFAULT CHARACTER SET latin1 COLLATE latin1_swedish_ci;
USE `ecnitdb`;

-- --------------------------------------------------------

--
-- Table structure for table `directory_owner`
--

DROP TABLE IF EXISTS `directory_owner`;
CREATE TABLE IF NOT EXISTS `directory_owner` (
  `directoryOwnerID` int(11) NOT NULL AUTO_INCREMENT,
  `directory` int(11) NOT NULL,
  `owner_position` int(11) NOT NULL,
  PRIMARY KEY (`directoryOwnerID`),
  UNIQUE KEY `directory` (`directory`,`owner_position`),
  KEY `owner_position` (`owner_position`)
) ENGINE=MyISAM  DEFAULT CHARSET=latin1 AUTO_INCREMENT=244 ;

--
-- Dumping data for table `directory_owner`
--

INSERT INTO `directory_owner` VALUES
(1, 1, 1),
(2, 1, 2),
(3, 2, 1),
(4, 2, 2),
(5, 3, 7),
(6, 4, 3),
(7, 5, 1),
(8, 5, 2),
(9, 6, 14),
(10, 7, 23),
(11, 8, 11),
(12, 9, 16),
(13, 10, 7),
(14, 11, 31),
(15, 12, 33),
(16, 13, 7),
(17, 14, 7),
(18, 15, 7),
(19, 16, 33),
(20, 17, 11),
(21, 18, 33),
(22, 19, 33),
(23, 20, 9),
(24, 21, 1),
(25, 21, 2),
(26, 22, 1),
(27, 22, 2),
(28, 23, 14),
(29, 24, 14),
(30, 25, 14),
(31, 26, 14),
(32, 27, 23),
(33, 28, 23),
(34, 29, 23),
(35, 30, 23),
(36, 31, 23),
(37, 32, 11),
(38, 33, 11),
(39, 34, 11),
(40, 35, 11),
(41, 36, 11),
(42, 37, 11),
(43, 38, 11),
(44, 39, 16),
(45, 40, 16),
(46, 41, 16),
(47, 42, 31),
(48, 43, 31),
(49, 44, 33),
(50, 45, 33),
(51, 46, 33),
(52, 47, 33),
(53, 48, 41),
(54, 49, 210),
(55, 50, 54),
(56, 51, 67),
(57, 52, 197),
(58, 53, 80),
(59, 54, 93),
(60, 55, 231),
(61, 56, 106),
(62, 57, 132),
(63, 58, 158),
(64, 59, 145),
(65, 60, 171),
(66, 61, 184),
(67, 62, 195),
(68, 63, 26),
(69, 64, 25),
(70, 65, 18),
(71, 65, 16),
(72, 65, 17),
(73, 65, 286),
(74, 65, 287),
(75, 66, 286),
(76, 66, 287),
(77, 67, 161),
(78, 68, 231),
(79, 69, 231),
(80, 70, 233),
(81, 71, 239),
(82, 72, 244),
(83, 73, 233),
(84, 73, 239),
(85, 73, 244),
(86, 74, 233),
(87, 74, 239),
(88, 74, 244),
(89, 75, 233),
(90, 75, 239),
(91, 75, 244),
(92, 76, 284),
(93, 77, 284),
(94, 78, 284),
(95, 79, 285),
(96, 80, 286),
(97, 81, 33),
(98, 82, 33),
(99, 83, 33),
(100, 84, 11),
(101, 85, 11),
(102, 86, 11),
(103, 87, 11),
(104, 88, 11),
(105, 89, 11),
(106, 90, 11),
(107, 91, 11),
(108, 92, 11),
(109, 93, 11),
(110, 94, 11),
(111, 95, 11),
(112, 96, 11),
(113, 97, 11),
(114, 98, 11),
(115, 99, 11),
(116, 100, 11),
(117, 101, 11),
(118, 102, 11),
(119, 103, 41),
(120, 104, 41),
(121, 105, 41),
(122, 106, 41),
(123, 155, 210),
(124, 156, 210),
(125, 157, 210),
(126, 158, 210),
(127, 107, 54),
(128, 108, 54),
(129, 109, 54),
(130, 110, 54),
(131, 111, 67),
(132, 112, 67),
(133, 113, 67),
(134, 114, 67),
(135, 151, 197),
(136, 152, 197),
(137, 153, 197),
(138, 154, 197),
(139, 115, 80),
(140, 116, 80),
(141, 117, 80),
(142, 118, 80),
(143, 119, 93),
(144, 120, 93),
(145, 121, 93),
(146, 132, 93),
(147, 127, 119),
(148, 128, 119),
(149, 129, 119),
(150, 130, 119),
(151, 131, 132),
(152, 132, 132),
(153, 133, 132),
(154, 134, 132),
(155, 139, 158),
(156, 140, 158),
(157, 141, 158),
(158, 142, 158),
(159, 135, 145),
(160, 136, 145),
(161, 137, 145),
(162, 138, 145),
(163, 143, 171),
(164, 144, 171),
(165, 145, 171),
(166, 146, 171),
(167, 147, 184),
(168, 148, 184),
(169, 149, 184),
(170, 150, 184),
(171, 159, 295),
(172, 160, 295),
(173, 161, 295),
(174, 162, 295),
(175, 163, 26),
(176, 164, 25),
(177, 165, 25),
(178, 166, 25),
(179, 167, 18),
(180, 167, 16),
(181, 167, 17),
(182, 167, 286),
(183, 167, 287),
(184, 168, 16),
(185, 168, 17),
(186, 168, 18),
(187, 168, 286),
(188, 168, 287),
(189, 169, 16),
(190, 169, 17),
(191, 169, 18),
(192, 169, 286),
(193, 169, 287),
(194, 170, 16),
(195, 170, 17),
(196, 170, 18),
(197, 170, 286),
(198, 170, 287),
(199, 171, 286),
(200, 171, 287),
(201, 172, 286),
(202, 172, 287),
(203, 173, 161),
(204, 174, 161),
(205, 175, 161),
(206, 176, 161),
(207, 177, 161),
(208, 178, 231),
(209, 179, 231),
(210, 180, 231),
(211, 181, 231),
(212, 182, 231),
(213, 183, 233),
(214, 184, 233),
(215, 185, 233),
(216, 186, 233),
(217, 187, 233),
(218, 188, 239),
(219, 189, 239),
(220, 190, 239),
(221, 191, 239),
(222, 192, 239),
(223, 193, 244),
(224, 194, 244),
(225, 195, 244),
(226, 196, 244),
(227, 197, 244),
(228, 198, 233),
(229, 198, 239),
(230, 198, 244),
(231, 199, 233),
(232, 199, 239),
(233, 199, 244),
(234, 200, 7),
(235, 200, 8),
(236, 200, 9),
(237, 201, 7),
(238, 201, 8),
(239, 201, 9),
(240, 202, 233),
(241, 202, 239),
(242, 202, 244),
(243, 203, 106);

-- --------------------------------------------------------

--
-- Table structure for table `directory_owners`
--

DROP TABLE IF EXISTS `directory_owners`;
CREATE TABLE IF NOT EXISTS `directory_owners` (
  `directoryOwnerID` int(11) NOT NULL AUTO_INCREMENT,
  `directory` int(11) NOT NULL,
  `owner_position` int(11) NOT NULL,
  PRIMARY KEY (`directoryOwnerID`),
  UNIQUE KEY `directory` (`directory`,`owner_position`),
  KEY `owner_position` (`owner_position`)
) ENGINE=MyISAM  DEFAULT CHARSET=latin1 AUTO_INCREMENT=247 ;

--
-- Dumping data for table `directory_owners`
--

INSERT INTO `directory_owners` VALUES
(1, 1, 1),
(2, 1, 2),
(3, 2, 1),
(4, 2, 2),
(5, 3, 7),
(6, 4, 3),
(7, 5, 1),
(8, 5, 2),
(9, 6, 14),
(10, 7, 23),
(11, 8, 11),
(12, 9, 16),
(13, 10, 7),
(14, 11, 31),
(15, 12, 33),
(16, 13, 7),
(17, 14, 7),
(18, 15, 7),
(19, 16, 33),
(20, 17, 11),
(21, 18, 33),
(22, 19, 33),
(23, 20, 9),
(24, 21, 1),
(25, 21, 2),
(26, 22, 1),
(27, 22, 2),
(28, 23, 14),
(29, 24, 14),
(30, 25, 14),
(31, 26, 14),
(32, 27, 23),
(33, 28, 23),
(34, 29, 23),
(35, 30, 23),
(36, 31, 23),
(37, 32, 11),
(38, 33, 11),
(39, 34, 11),
(40, 35, 11),
(41, 36, 11),
(42, 37, 11),
(43, 38, 11),
(44, 39, 16),
(45, 40, 16),
(46, 41, 16),
(47, 42, 31),
(48, 43, 31),
(49, 44, 33),
(50, 45, 33),
(51, 46, 33),
(52, 47, 33),
(53, 48, 41),
(54, 49, 210),
(55, 50, 54),
(56, 51, 67),
(57, 52, 197),
(58, 53, 80),
(59, 54, 93),
(60, 55, 231),
(61, 56, 106),
(62, 57, 132),
(63, 58, 158),
(64, 59, 145),
(65, 60, 171),
(66, 61, 184),
(67, 62, 195),
(68, 63, 26),
(69, 64, 25),
(70, 65, 18),
(71, 65, 16),
(72, 65, 17),
(73, 65, 286),
(74, 65, 287),
(75, 66, 286),
(76, 66, 287),
(77, 67, 161),
(78, 68, 231),
(79, 69, 231),
(80, 70, 233),
(81, 71, 239),
(82, 72, 244),
(83, 73, 233),
(84, 73, 239),
(85, 73, 244),
(86, 74, 233),
(87, 74, 239),
(88, 74, 244),
(89, 75, 233),
(90, 75, 239),
(91, 75, 244),
(92, 76, 284),
(93, 77, 284),
(94, 78, 284),
(95, 79, 285),
(96, 80, 286),
(97, 81, 33),
(98, 82, 33),
(99, 83, 33),
(100, 84, 11),
(101, 85, 11),
(102, 86, 11),
(103, 87, 11),
(104, 88, 11),
(105, 89, 11),
(106, 90, 11),
(107, 91, 11),
(108, 92, 11),
(109, 93, 11),
(110, 94, 11),
(111, 95, 11),
(112, 96, 11),
(113, 97, 11),
(114, 98, 11),
(115, 99, 11),
(116, 100, 11),
(117, 101, 11),
(118, 102, 11),
(119, 103, 41),
(120, 104, 41),
(121, 105, 41),
(122, 106, 41),
(123, 107, 210),
(124, 108, 210),
(125, 109, 210),
(126, 110, 210),
(127, 111, 54),
(128, 112, 54),
(129, 113, 54),
(130, 114, 54),
(131, 115, 67),
(132, 116, 67),
(133, 117, 67),
(134, 118, 67),
(135, 119, 197),
(136, 120, 197),
(137, 121, 197),
(138, 122, 197),
(139, 123, 80),
(140, 124, 80),
(141, 125, 80),
(142, 126, 80),
(143, 127, 93),
(144, 128, 93),
(145, 129, 93),
(146, 130, 93),
(147, 131, 231),
(148, 132, 231),
(149, 133, 231),
(150, 134, 231),
(151, 135, 119),
(152, 136, 119),
(153, 137, 119),
(154, 138, 119),
(155, 139, 132),
(156, 140, 132),
(157, 141, 132),
(158, 142, 132),
(159, 143, 158),
(160, 144, 158),
(161, 145, 158),
(162, 146, 158),
(163, 147, 145),
(164, 148, 145),
(165, 149, 145),
(166, 150, 145),
(167, 151, 171),
(168, 152, 171),
(169, 153, 171),
(170, 154, 171),
(171, 155, 184),
(172, 156, 184),
(173, 157, 184),
(174, 158, 184),
(175, 159, 295),
(176, 160, 295),
(177, 161, 295),
(178, 162, 295),
(179, 163, 26),
(180, 164, 25),
(181, 165, 25),
(182, 166, 25),
(183, 167, 18),
(184, 167, 16),
(185, 167, 17),
(186, 167, 286),
(187, 167, 287),
(188, 168, 16),
(189, 168, 17),
(190, 168, 18),
(191, 168, 286),
(192, 168, 287),
(193, 169, 16),
(194, 169, 17),
(195, 169, 18),
(196, 169, 286),
(197, 169, 287),
(198, 170, 16),
(199, 170, 17),
(200, 170, 18),
(201, 170, 286),
(202, 170, 287),
(203, 171, 286),
(204, 171, 287),
(205, 172, 286),
(206, 172, 287),
(207, 173, 161),
(208, 174, 161),
(209, 175, 161),
(210, 176, 161),
(211, 177, 161),
(212, 178, 231),
(213, 179, 231),
(214, 180, 231),
(215, 181, 231),
(216, 182, 231),
(217, 183, 233),
(218, 184, 233),
(219, 185, 233),
(220, 186, 233),
(221, 187, 233),
(222, 188, 239),
(223, 189, 239),
(224, 190, 239),
(225, 191, 239),
(226, 192, 239),
(227, 193, 244),
(228, 194, 244),
(229, 195, 244),
(230, 196, 244),
(231, 197, 244),
(232, 198, 233),
(233, 198, 239),
(234, 198, 244),
(235, 199, 233),
(236, 199, 239),
(237, 199, 244),
(238, 200, 7),
(239, 200, 8),
(240, 200, 9),
(241, 201, 7),
(242, 201, 8),
(243, 201, 9),
(244, 202, 233),
(245, 202, 239),
(246, 202, 244);

-- --------------------------------------------------------

--
-- Table structure for table `distribution_groups`
--

DROP TABLE IF EXISTS `distribution_groups`;
CREATE TABLE IF NOT EXISTS `distribution_groups` (
  `distributionGroupID` int(11) NOT NULL AUTO_INCREMENT,
  `dgName` varchar(64) NOT NULL,
  PRIMARY KEY (`distributionGroupID`),
  UNIQUE KEY `dgName` (`dgName`)
) ENGINE=MyISAM  DEFAULT CHARSET=latin1 AUTO_INCREMENT=54 ;

--
-- Dumping data for table `distribution_groups`
--

INSERT INTO `distribution_groups` VALUES
(1, 'AEGStaffAll'),
(2, 'FusionAssistantDirector_DG'),
(3, 'FusionDirectorOfFirstImpressions_DG'),
(4, 'FusionDirectorOfStudentDevelopment_DG'),
(5, 'FusionHeadOfSchool_DG'),
(6, 'FusionInformationSpecialist_DG'),
(7, 'FusionMasterTeacher_DG'),
(8, 'FusionOutreach_DG'),
(9, 'FusionRegional_DG'),
(10, 'FusionStaffALL_DG'),
(11, 'FusionStaffHB_DG'),
(12, 'FusionStaffLA_DG'),
(13, 'FusionStaffLG_DG'),
(14, 'FusionStaffLI_DG'),
(15, 'FusionStaffMN_DG'),
(16, 'FusionStaffMV_DG'),
(17, 'FusionStaffPD_DG'),
(18, 'FusionStaffSB_DG'),
(19, 'FusionStaffSD_DG'),
(20, 'FusionStaffSF_DG'),
(21, 'FusionStaffSLB_DG'),
(22, 'FusionStaffSM_DG'),
(23, 'FusionStaffWC_DG'),
(24, 'FusionStaffWCR_DG'),
(25, 'LexisStaffAll_DG'),
(26, 'LSAssociateDirectors_DG'),
(27, 'LSBostonDirectors_DG'),
(28, 'LSCurriculumTeam_DG'),
(29, 'LSExecutiveDirector_DG'),
(30, 'LSExecutiveDirectorandAssociateDirectors_DG'),
(31, 'LSInnovationsMeetingParticipants'),
(32, 'LSMVDirectors_DG'),
(33, 'LSSeniorManagementTeam_DG'),
(34, 'LSStaffAll_DG'),
(35, 'LSTrainingTeam_DG'),
(36, 'ShreinerStaffAll_DG'),
(37, 'TampaDayAdmin_DG'),
(38, 'TampaDayCamp_DG'),
(39, 'TampaDayFriends_DG'),
(40, 'TampaDayFrontOffice_DG'),
(41, 'TampaDayInfo_DG'),
(42, 'TampaDayLowerDivision_DG'),
(43, 'TampaDayNews_DG'),
(44, 'TampaDayParents_DG'),
(45, 'TampaDayPta_DG'),
(46, 'TampaDayRead_DG'),
(47, 'TampaDayStaffAll_DG'),
(48, 'TampaDayTds_DG'),
(49, 'TampaDayTechnology_DG'),
(50, 'TampaDayTest_DG'),
(51, 'TampaDayUpperDivision_DG'),
(52, 'TampaDay_DG'),
(53, 'DGAccessAll_DG');

-- --------------------------------------------------------

--
-- Table structure for table `divisions`
--

DROP TABLE IF EXISTS `divisions`;
CREATE TABLE IF NOT EXISTS `divisions` (
  `divisionID` int(11) NOT NULL AUTO_INCREMENT,
  `name` varchar(64) NOT NULL,
  PRIMARY KEY (`divisionID`),
  UNIQUE KEY `name` (`name`)
) ENGINE=MyISAM  DEFAULT CHARSET=latin1 AUTO_INCREMENT=5 ;

--
-- Dumping data for table `divisions`
--

INSERT INTO `divisions` VALUES
(1, 'Corporate'),
(2, 'Fusion'),
(3, 'Lexis'),
(4, 'Little Sprouts');

-- --------------------------------------------------------

--
-- Table structure for table `edit_permissions`
--

DROP TABLE IF EXISTS `edit_permissions`;
CREATE TABLE IF NOT EXISTS `edit_permissions` (
  `editPermissionID` int(11) NOT NULL AUTO_INCREMENT,
  `position` int(11) NOT NULL,
  `directory` int(11) NOT NULL,
  PRIMARY KEY (`editPermissionID`),
  UNIQUE KEY `position` (`position`,`directory`),
  KEY `directory` (`directory`)
) ENGINE=MyISAM  DEFAULT CHARSET=latin1 AUTO_INCREMENT=2203 ;

--
-- Dumping data for table `edit_permissions`
--

INSERT INTO `edit_permissions` VALUES
(1, 1, 21),
(2, 2, 21),
(3, 3, 21),
(4, 4, 21),
(5, 5, 21),
(6, 6, 21),
(7, 1, 22),
(8, 2, 22),
(9, 3, 22),
(10, 4, 22),
(11, 5, 22),
(12, 6, 22),
(13, 14, 23),
(14, 15, 23),
(15, 14, 24),
(16, 15, 24),
(17, 14, 25),
(18, 15, 25),
(19, 14, 26),
(20, 15, 26),
(21, 23, 27),
(22, 24, 27),
(23, 25, 27),
(24, 26, 27),
(25, 27, 27),
(26, 28, 27),
(27, 29, 27),
(28, 30, 27),
(29, 23, 28),
(30, 24, 28),
(31, 25, 28),
(32, 26, 28),
(33, 27, 28),
(34, 28, 28),
(35, 29, 28),
(36, 30, 28),
(37, 23, 29),
(38, 24, 29),
(39, 25, 29),
(40, 26, 29),
(41, 27, 29),
(42, 28, 29),
(43, 29, 29),
(44, 30, 29),
(45, 23, 30),
(46, 24, 30),
(47, 25, 30),
(48, 26, 30),
(49, 27, 30),
(50, 28, 30),
(51, 29, 30),
(52, 30, 30),
(53, 23, 31),
(54, 24, 31),
(55, 25, 31),
(56, 26, 31),
(57, 27, 31),
(58, 28, 31),
(59, 29, 31),
(60, 30, 31),
(61, 11, 32),
(62, 12, 32),
(63, 13, 32),
(64, 11, 33),
(65, 12, 33),
(66, 13, 33),
(67, 11, 34),
(68, 12, 34),
(69, 13, 34),
(70, 11, 35),
(71, 12, 35),
(72, 13, 35),
(73, 11, 36),
(74, 12, 36),
(75, 13, 36),
(76, 11, 37),
(77, 12, 37),
(78, 13, 37),
(79, 231, 37),
(80, 11, 38),
(81, 12, 38),
(82, 13, 38),
(83, 16, 39),
(84, 17, 39),
(85, 18, 39),
(86, 19, 39),
(87, 20, 39),
(88, 21, 39),
(89, 22, 39),
(90, 16, 40),
(91, 17, 40),
(92, 18, 40),
(93, 19, 40),
(94, 20, 40),
(95, 21, 40),
(96, 22, 40),
(97, 16, 41),
(98, 17, 41),
(99, 18, 41),
(100, 19, 41),
(101, 20, 41),
(102, 21, 41),
(103, 22, 41),
(104, 31, 42),
(105, 32, 42),
(106, 31, 43),
(107, 32, 43),
(108, 33, 44),
(109, 33, 45),
(110, 33, 46),
(111, 33, 47),
(112, 252, 76),
(113, 253, 76),
(114, 254, 76),
(115, 255, 76),
(116, 256, 76),
(117, 257, 76),
(118, 258, 76),
(119, 259, 76),
(120, 260, 76),
(121, 261, 76),
(122, 262, 76),
(123, 263, 76),
(124, 264, 76),
(125, 265, 76),
(126, 266, 76),
(127, 267, 76),
(128, 268, 76),
(129, 269, 76),
(130, 270, 76),
(131, 271, 76),
(132, 272, 76),
(133, 273, 76),
(134, 274, 76),
(135, 275, 76),
(136, 276, 76),
(137, 277, 76),
(138, 278, 76),
(139, 279, 76),
(140, 280, 76),
(141, 281, 76),
(142, 282, 76),
(143, 283, 76),
(144, 284, 76),
(145, 285, 76),
(146, 286, 76),
(147, 287, 76),
(148, 288, 76),
(149, 289, 76),
(150, 290, 76),
(151, 291, 76),
(152, 292, 76),
(153, 293, 76),
(154, 294, 76),
(155, 252, 77),
(156, 253, 77),
(157, 254, 77),
(158, 255, 77),
(159, 256, 77),
(160, 257, 77),
(161, 258, 77),
(162, 259, 77),
(163, 260, 77),
(164, 261, 77),
(165, 262, 77),
(166, 263, 77),
(167, 264, 77),
(168, 265, 77),
(169, 266, 77),
(170, 267, 77),
(171, 268, 77),
(172, 269, 77),
(173, 270, 77),
(174, 271, 77),
(175, 272, 77),
(176, 273, 77),
(177, 274, 77),
(178, 275, 77),
(179, 276, 77),
(180, 277, 77),
(181, 278, 77),
(182, 279, 77),
(183, 280, 77),
(184, 281, 77),
(185, 282, 77),
(186, 283, 77),
(187, 284, 77),
(188, 285, 77),
(189, 286, 77),
(190, 287, 77),
(191, 288, 77),
(192, 289, 77),
(193, 290, 77),
(194, 291, 77),
(195, 292, 77),
(196, 293, 77),
(197, 294, 77),
(198, 284, 78),
(199, 285, 78),
(200, 286, 78),
(201, 287, 78),
(202, 288, 78),
(203, 289, 78),
(204, 290, 78),
(205, 291, 78),
(206, 292, 78),
(207, 293, 78),
(208, 294, 78),
(209, 285, 79),
(210, 294, 79),
(211, 284, 80),
(212, 285, 80),
(213, 286, 80),
(214, 287, 80),
(215, 288, 80),
(216, 289, 80),
(217, 290, 80),
(218, 291, 80),
(219, 292, 80),
(220, 293, 80),
(221, 294, 80),
(222, 1, 81),
(223, 2, 81),
(224, 3, 81),
(225, 4, 81),
(226, 5, 81),
(227, 6, 81),
(228, 7, 81),
(229, 8, 81),
(230, 9, 81),
(231, 10, 81),
(232, 11, 81),
(233, 12, 81),
(234, 13, 81),
(235, 14, 81),
(236, 15, 81),
(237, 16, 81),
(238, 17, 81),
(239, 18, 81),
(240, 19, 81),
(241, 20, 81),
(242, 21, 81),
(243, 22, 81),
(244, 23, 81),
(245, 24, 81),
(246, 25, 81),
(247, 26, 81),
(248, 27, 81),
(249, 28, 81),
(250, 29, 81),
(251, 30, 81),
(252, 31, 81),
(253, 32, 81),
(254, 33, 81),
(255, 38, 82),
(256, 51, 82),
(257, 64, 82),
(258, 77, 82),
(259, 90, 82),
(260, 103, 82),
(261, 116, 82),
(262, 129, 82),
(263, 142, 82),
(264, 155, 82),
(265, 168, 82),
(266, 181, 82),
(267, 194, 82),
(268, 207, 82),
(269, 220, 82),
(270, 39, 82),
(271, 52, 82),
(272, 65, 82),
(273, 78, 82),
(274, 91, 82),
(275, 104, 82),
(276, 117, 82),
(277, 130, 82),
(278, 143, 82),
(279, 156, 82),
(280, 169, 82),
(281, 182, 82),
(282, 195, 82),
(283, 208, 82),
(284, 221, 82),
(285, 40, 82),
(286, 53, 82),
(287, 66, 82),
(288, 79, 82),
(289, 92, 82),
(290, 105, 82),
(291, 118, 82),
(292, 131, 82),
(293, 144, 82),
(294, 157, 82),
(295, 170, 82),
(296, 183, 82),
(297, 196, 82),
(298, 209, 82),
(299, 222, 82),
(300, 41, 82),
(301, 54, 82),
(302, 67, 82),
(303, 80, 82),
(304, 93, 82),
(305, 106, 82),
(306, 119, 82),
(307, 132, 82),
(308, 145, 82),
(309, 158, 82),
(310, 171, 82),
(311, 184, 82),
(312, 197, 82),
(313, 210, 82),
(314, 223, 82),
(315, 43, 82),
(316, 56, 82),
(317, 69, 82),
(318, 82, 82),
(319, 95, 82),
(320, 108, 82),
(321, 120, 82),
(322, 134, 82),
(323, 147, 82),
(324, 160, 82),
(325, 173, 82),
(326, 186, 82),
(327, 199, 82),
(328, 212, 82),
(329, 225, 82),
(330, 229, 82),
(331, 230, 82),
(332, 231, 82),
(333, 232, 82),
(334, 295, 82),
(335, 296, 82),
(336, 252, 83),
(337, 253, 83),
(338, 254, 83),
(339, 255, 83),
(340, 256, 83),
(341, 257, 83),
(342, 258, 83),
(343, 259, 83),
(344, 260, 83),
(345, 261, 83),
(346, 262, 83),
(347, 263, 83),
(348, 264, 83),
(349, 265, 83),
(350, 266, 83),
(351, 267, 83),
(352, 268, 83),
(353, 269, 83),
(354, 270, 83),
(355, 271, 83),
(356, 272, 83),
(357, 273, 83),
(358, 274, 83),
(359, 275, 83),
(360, 276, 83),
(361, 277, 83),
(362, 278, 83),
(363, 279, 83),
(364, 280, 83),
(365, 281, 83),
(366, 282, 83),
(367, 283, 83),
(368, 284, 83),
(369, 285, 83),
(370, 286, 83),
(371, 287, 83),
(372, 288, 83),
(373, 289, 83),
(374, 290, 83),
(375, 291, 83),
(376, 292, 83),
(377, 293, 83),
(378, 294, 83),
(379, 1, 84),
(380, 2, 84),
(381, 3, 84),
(382, 4, 84),
(383, 5, 84),
(384, 6, 84),
(385, 31, 84),
(386, 32, 84),
(387, 1, 85),
(388, 2, 85),
(389, 3, 85),
(390, 4, 85),
(391, 5, 85),
(392, 6, 85),
(393, 31, 85),
(394, 32, 85),
(395, 31, 86),
(396, 32, 86),
(397, 1, 87),
(398, 2, 87),
(399, 3, 87),
(400, 4, 87),
(401, 5, 87),
(402, 6, 87),
(403, 31, 87),
(404, 32, 87),
(405, 1, 88),
(406, 2, 88),
(407, 3, 88),
(408, 4, 88),
(409, 5, 88),
(410, 6, 88),
(411, 31, 88),
(412, 32, 88),
(413, 1, 89),
(414, 2, 89),
(415, 3, 89),
(416, 4, 89),
(417, 5, 89),
(418, 6, 89),
(419, 31, 89),
(420, 32, 89),
(421, 1, 90),
(422, 2, 90),
(423, 3, 90),
(424, 4, 90),
(425, 5, 90),
(426, 6, 90),
(427, 31, 90),
(428, 32, 90),
(429, 253, 93),
(430, 255, 93),
(431, 257, 93),
(432, 259, 93),
(433, 261, 93),
(434, 263, 93),
(435, 265, 93),
(436, 267, 93),
(437, 269, 93),
(438, 271, 93),
(439, 273, 93),
(440, 275, 93),
(441, 277, 93),
(442, 279, 93),
(443, 281, 93),
(444, 283, 93),
(445, 284, 93),
(446, 285, 93),
(447, 286, 93),
(448, 287, 93),
(449, 288, 93),
(450, 289, 93),
(451, 290, 93),
(452, 291, 93),
(453, 292, 93),
(454, 293, 93),
(455, 294, 93),
(456, 38, 94),
(457, 51, 94),
(458, 64, 94),
(459, 77, 94),
(460, 90, 94),
(461, 103, 94),
(462, 116, 94),
(463, 129, 94),
(464, 142, 94),
(465, 155, 94),
(466, 168, 94),
(467, 181, 94),
(468, 194, 94),
(469, 207, 94),
(470, 220, 94),
(471, 39, 94),
(472, 52, 94),
(473, 65, 94),
(474, 78, 94),
(475, 91, 94),
(476, 104, 94),
(477, 117, 94),
(478, 130, 94),
(479, 143, 94),
(480, 156, 94),
(481, 169, 94),
(482, 182, 94),
(483, 195, 94),
(484, 208, 94),
(485, 221, 94),
(486, 40, 94),
(487, 53, 94),
(488, 66, 94),
(489, 79, 94),
(490, 92, 94),
(491, 105, 94),
(492, 118, 94),
(493, 131, 94),
(494, 144, 94),
(495, 157, 94),
(496, 170, 94),
(497, 183, 94),
(498, 196, 94),
(499, 209, 94),
(500, 222, 94),
(501, 41, 94),
(502, 54, 94),
(503, 67, 94),
(504, 80, 94),
(505, 93, 94),
(506, 106, 94),
(507, 119, 94),
(508, 132, 94),
(509, 145, 94),
(510, 158, 94),
(511, 171, 94),
(512, 184, 94),
(513, 197, 94),
(514, 210, 94),
(515, 223, 94),
(516, 43, 94),
(517, 56, 94),
(518, 69, 94),
(519, 94, 94),
(520, 95, 94),
(521, 108, 94),
(522, 120, 94),
(523, 134, 94),
(524, 147, 94),
(525, 160, 94),
(526, 173, 94),
(527, 186, 94),
(528, 199, 94),
(529, 212, 94),
(530, 225, 94),
(531, 229, 94),
(532, 230, 94),
(533, 231, 94),
(534, 232, 94),
(535, 295, 94),
(536, 296, 94),
(537, 244, 95),
(538, 245, 95),
(539, 246, 95),
(540, 247, 95),
(541, 248, 95),
(542, 249, 95),
(543, 233, 96),
(544, 234, 96),
(545, 235, 96),
(546, 236, 96),
(547, 239, 97),
(548, 240, 97),
(549, 241, 97),
(550, 1, 98),
(551, 2, 98),
(552, 3, 98),
(553, 4, 98),
(554, 5, 98),
(555, 6, 98),
(556, 1, 99),
(557, 2, 99),
(558, 3, 99),
(559, 4, 99),
(560, 5, 99),
(561, 6, 99),
(562, 1, 100),
(563, 2, 100),
(564, 3, 100),
(565, 4, 100),
(566, 5, 100),
(567, 6, 100),
(568, 1, 101),
(569, 2, 101),
(570, 3, 101),
(571, 4, 101),
(572, 5, 101),
(573, 6, 101),
(574, 34, 103),
(575, 35, 103),
(576, 36, 103),
(577, 37, 103),
(578, 38, 103),
(579, 39, 103),
(580, 40, 103),
(581, 41, 103),
(582, 42, 103),
(583, 43, 103),
(584, 44, 103),
(585, 45, 103),
(586, 46, 103),
(587, 34, 104),
(588, 35, 104),
(589, 36, 104),
(590, 37, 104),
(591, 38, 104),
(592, 39, 104),
(593, 40, 104),
(594, 41, 104),
(595, 42, 104),
(596, 43, 104),
(597, 44, 104),
(598, 45, 104),
(599, 46, 104),
(600, 34, 105),
(601, 36, 105),
(602, 37, 105),
(603, 38, 105),
(604, 39, 105),
(605, 41, 105),
(606, 43, 105),
(607, 41, 106),
(608, 47, 107),
(609, 48, 107),
(610, 49, 107),
(611, 50, 107),
(612, 51, 107),
(613, 52, 107),
(614, 53, 107),
(615, 54, 107),
(616, 55, 107),
(617, 56, 107),
(618, 57, 107),
(619, 58, 107),
(620, 59, 107),
(621, 47, 108),
(622, 48, 108),
(623, 49, 108),
(624, 50, 108),
(625, 51, 108),
(626, 52, 108),
(627, 53, 108),
(628, 54, 108),
(629, 55, 108),
(630, 56, 108),
(631, 57, 108),
(632, 58, 108),
(633, 59, 108),
(634, 47, 109),
(635, 49, 109),
(636, 50, 109),
(637, 51, 109),
(638, 52, 109),
(639, 54, 109),
(640, 56, 109),
(641, 54, 110),
(642, 60, 111),
(643, 61, 111),
(644, 62, 111),
(645, 63, 111),
(646, 64, 111),
(647, 65, 111),
(648, 66, 111),
(649, 67, 111),
(650, 68, 111),
(651, 69, 111),
(652, 70, 111),
(653, 71, 111),
(654, 72, 111),
(655, 60, 112),
(656, 61, 112),
(657, 62, 112),
(658, 63, 112),
(659, 64, 112),
(660, 65, 112),
(661, 66, 112),
(662, 67, 112),
(663, 68, 112),
(664, 69, 112),
(665, 70, 112),
(666, 71, 112),
(667, 72, 112),
(668, 60, 113),
(669, 62, 113),
(670, 63, 113),
(671, 64, 113),
(672, 65, 113),
(673, 67, 113),
(674, 69, 113),
(675, 67, 114),
(676, 73, 115),
(677, 74, 115),
(678, 75, 115),
(679, 76, 115),
(680, 77, 115),
(681, 78, 115),
(682, 79, 115),
(683, 80, 115),
(684, 81, 115),
(685, 82, 115),
(686, 83, 115),
(687, 84, 115),
(688, 85, 115),
(689, 73, 116),
(690, 74, 116),
(691, 75, 116),
(692, 76, 116),
(693, 77, 116),
(694, 78, 116),
(695, 79, 116),
(696, 80, 116),
(697, 81, 116),
(698, 82, 116),
(699, 83, 116),
(700, 84, 116),
(701, 85, 116),
(702, 73, 117),
(703, 75, 117),
(704, 76, 117),
(705, 77, 117),
(706, 78, 117),
(707, 80, 117),
(708, 82, 117),
(709, 80, 118),
(710, 86, 119),
(711, 87, 119),
(712, 88, 119),
(713, 89, 119),
(714, 90, 119),
(715, 91, 119),
(716, 92, 119),
(717, 93, 119),
(718, 94, 119),
(719, 95, 119),
(720, 96, 119),
(721, 97, 119),
(722, 98, 119),
(723, 86, 120),
(724, 87, 120),
(725, 88, 120),
(726, 89, 120),
(727, 90, 120),
(728, 91, 120),
(729, 92, 120),
(730, 93, 120),
(731, 94, 120),
(732, 95, 120),
(733, 96, 120),
(734, 97, 120),
(735, 98, 120),
(736, 86, 121),
(737, 88, 121),
(738, 89, 121),
(739, 90, 121),
(740, 91, 121),
(741, 93, 121),
(742, 95, 121),
(743, 93, 122),
(744, 99, 123),
(745, 100, 123),
(746, 101, 123),
(747, 102, 123),
(748, 103, 123),
(749, 104, 123),
(750, 105, 123),
(751, 106, 123),
(752, 107, 123),
(753, 108, 123),
(754, 109, 123),
(755, 110, 123),
(756, 111, 123),
(757, 99, 124),
(758, 100, 124),
(759, 101, 124),
(760, 102, 124),
(761, 103, 124),
(762, 104, 124),
(763, 105, 124),
(764, 106, 124),
(765, 107, 124),
(766, 108, 124),
(767, 109, 124),
(768, 110, 124),
(769, 111, 124),
(770, 99, 125),
(771, 101, 125),
(772, 102, 125),
(773, 103, 125),
(774, 104, 125),
(775, 106, 125),
(776, 108, 125),
(777, 106, 126),
(778, 112, 127),
(779, 113, 127),
(780, 114, 127),
(781, 115, 127),
(782, 116, 127),
(783, 117, 127),
(784, 118, 127),
(785, 119, 127),
(786, 120, 127),
(787, 121, 127),
(788, 122, 127),
(789, 123, 127),
(790, 124, 127),
(791, 112, 128),
(792, 113, 128),
(793, 114, 128),
(794, 115, 128),
(795, 116, 128),
(796, 117, 128),
(797, 118, 128),
(798, 119, 128),
(799, 120, 128),
(800, 121, 128),
(801, 122, 128),
(802, 123, 128),
(803, 124, 128),
(804, 112, 129),
(805, 114, 129),
(806, 115, 129),
(807, 116, 129),
(808, 117, 129),
(809, 119, 129),
(810, 121, 129),
(811, 119, 130),
(812, 125, 131),
(813, 126, 131),
(814, 127, 131),
(815, 128, 131),
(816, 129, 131),
(817, 130, 131),
(818, 131, 131),
(819, 132, 131),
(820, 133, 131),
(821, 134, 131),
(822, 135, 131),
(823, 136, 131),
(824, 137, 131),
(825, 125, 132),
(826, 126, 132),
(827, 127, 132),
(828, 128, 132),
(829, 129, 132),
(830, 130, 132),
(831, 131, 132),
(832, 132, 132),
(833, 133, 132),
(834, 134, 132),
(835, 135, 132),
(836, 136, 132),
(837, 137, 132),
(838, 125, 133),
(839, 127, 133),
(840, 128, 133),
(841, 129, 133),
(842, 130, 133),
(843, 132, 133),
(844, 134, 133),
(845, 132, 134),
(846, 138, 135),
(847, 139, 135),
(848, 140, 135),
(849, 141, 135),
(850, 142, 135),
(851, 143, 135),
(852, 144, 135),
(853, 145, 135),
(854, 146, 135),
(855, 147, 135),
(856, 148, 135),
(857, 149, 135),
(858, 150, 135),
(859, 138, 136),
(860, 139, 136),
(861, 140, 136),
(862, 141, 136),
(863, 142, 136),
(864, 143, 136),
(865, 144, 136),
(866, 145, 136),
(867, 146, 136),
(868, 147, 136),
(869, 148, 136),
(870, 149, 136),
(871, 150, 136),
(872, 138, 137),
(873, 140, 137),
(874, 141, 137),
(875, 142, 137),
(876, 143, 137),
(877, 145, 137),
(878, 147, 137),
(879, 145, 138),
(880, 151, 139),
(881, 152, 139),
(882, 153, 139),
(883, 154, 139),
(884, 155, 139),
(885, 156, 139),
(886, 157, 139),
(887, 158, 139),
(888, 159, 139),
(889, 160, 139),
(890, 161, 139),
(891, 162, 139),
(892, 163, 139),
(893, 151, 140),
(894, 152, 140),
(895, 153, 140),
(896, 154, 140),
(897, 155, 140),
(898, 156, 140),
(899, 157, 140),
(900, 158, 140),
(901, 159, 140),
(902, 160, 140),
(903, 161, 140),
(904, 162, 140),
(905, 163, 140),
(906, 151, 141),
(907, 153, 141),
(908, 154, 141),
(909, 155, 141),
(910, 156, 141),
(911, 158, 141),
(912, 160, 141),
(913, 158, 142),
(914, 164, 143),
(915, 165, 143),
(916, 166, 143),
(917, 167, 143),
(918, 168, 143),
(919, 169, 143),
(920, 170, 143),
(921, 171, 143),
(922, 172, 143),
(923, 173, 143),
(924, 174, 143),
(925, 175, 143),
(926, 176, 143),
(927, 164, 144),
(928, 165, 144),
(929, 166, 144),
(930, 167, 144),
(931, 168, 144),
(932, 169, 144),
(933, 170, 144),
(934, 171, 144),
(935, 172, 144),
(936, 173, 144),
(937, 174, 144),
(938, 175, 144),
(939, 176, 144),
(940, 164, 145),
(941, 166, 145),
(942, 167, 145),
(943, 168, 145),
(944, 169, 145),
(945, 171, 145),
(946, 173, 145),
(947, 171, 146),
(948, 177, 147),
(949, 178, 147),
(950, 179, 147),
(951, 180, 147),
(952, 181, 147),
(953, 182, 147),
(954, 183, 147),
(955, 184, 147),
(956, 185, 147),
(957, 186, 147),
(958, 187, 147),
(959, 188, 147),
(960, 189, 147),
(961, 177, 148),
(962, 178, 148),
(963, 179, 148),
(964, 180, 148),
(965, 181, 148),
(966, 182, 148),
(967, 183, 148),
(968, 184, 148),
(969, 185, 148),
(970, 186, 148),
(971, 187, 148),
(972, 188, 148),
(973, 189, 148),
(974, 177, 149),
(975, 179, 149),
(976, 180, 149),
(977, 181, 149),
(978, 182, 149),
(979, 184, 149),
(980, 186, 149),
(981, 184, 150),
(982, 190, 151),
(983, 191, 151),
(984, 192, 151),
(985, 193, 151),
(986, 194, 151),
(987, 195, 151),
(988, 196, 151),
(989, 197, 151),
(990, 198, 151),
(991, 199, 151),
(992, 200, 151),
(993, 201, 151),
(994, 202, 151),
(995, 190, 152),
(996, 191, 152),
(997, 192, 152),
(998, 193, 152),
(999, 194, 152),
(1000, 195, 152),
(1001, 196, 152),
(1002, 197, 152),
(1003, 198, 152),
(1004, 199, 152),
(1005, 200, 152),
(1006, 201, 152),
(1007, 202, 152),
(1008, 190, 153),
(1009, 192, 153),
(1010, 193, 153),
(1011, 194, 153),
(1012, 195, 153),
(1013, 197, 153),
(1014, 199, 153),
(1015, 197, 154),
(1016, 203, 155),
(1017, 204, 155),
(1018, 205, 155),
(1019, 206, 155),
(1020, 207, 155),
(1021, 208, 155),
(1022, 209, 155),
(1023, 210, 155),
(1024, 211, 155),
(1025, 212, 155),
(1026, 213, 155),
(1027, 214, 155),
(1028, 215, 155),
(1029, 203, 156),
(1030, 204, 156),
(1031, 205, 156),
(1032, 206, 156),
(1033, 207, 156),
(1034, 208, 156),
(1035, 209, 156),
(1036, 210, 156),
(1037, 211, 156),
(1038, 212, 156),
(1039, 213, 156),
(1040, 214, 156),
(1041, 215, 156),
(1042, 203, 157),
(1043, 205, 157),
(1044, 206, 157),
(1045, 207, 157),
(1046, 208, 157),
(1047, 210, 157),
(1048, 212, 157),
(1049, 210, 158),
(1050, 1, 159),
(1051, 2, 159),
(1052, 3, 159),
(1053, 4, 159),
(1054, 5, 159),
(1055, 6, 159),
(1056, 7, 159),
(1057, 8, 159),
(1058, 9, 159),
(1059, 10, 159),
(1060, 11, 159),
(1061, 12, 159),
(1062, 13, 159),
(1063, 14, 159),
(1064, 15, 159),
(1065, 16, 159),
(1066, 17, 159),
(1067, 18, 159),
(1068, 19, 159),
(1069, 20, 159),
(1070, 21, 159),
(1071, 22, 159),
(1072, 23, 159),
(1073, 24, 159),
(1074, 25, 159),
(1075, 26, 159),
(1076, 27, 159),
(1077, 28, 159),
(1078, 29, 159),
(1079, 30, 159),
(1080, 31, 159),
(1081, 32, 159),
(1082, 33, 159),
(1083, 40, 159),
(1084, 53, 159),
(1085, 66, 159),
(1086, 79, 159),
(1087, 92, 159),
(1088, 105, 159),
(1089, 118, 159),
(1090, 131, 159),
(1091, 144, 159),
(1092, 157, 159),
(1093, 170, 159),
(1094, 183, 159),
(1095, 196, 159),
(1096, 209, 159),
(1097, 222, 159),
(1098, 295, 159),
(1099, 1, 160),
(1100, 2, 160),
(1101, 3, 160),
(1102, 4, 160),
(1103, 5, 160),
(1104, 6, 160),
(1105, 7, 160),
(1106, 8, 160),
(1107, 9, 160),
(1108, 10, 160),
(1109, 11, 160),
(1110, 12, 160),
(1111, 13, 160),
(1112, 14, 160),
(1113, 15, 160),
(1114, 16, 160),
(1115, 17, 160),
(1116, 18, 160),
(1117, 19, 160),
(1118, 20, 160),
(1119, 21, 160),
(1120, 22, 160),
(1121, 23, 160),
(1122, 24, 160),
(1123, 25, 160),
(1124, 26, 160),
(1125, 27, 160),
(1126, 28, 160),
(1127, 29, 160),
(1128, 30, 160),
(1129, 31, 160),
(1130, 32, 160),
(1131, 33, 160),
(1132, 40, 160),
(1133, 53, 160),
(1134, 66, 160),
(1135, 79, 160),
(1136, 92, 160),
(1137, 105, 160),
(1138, 118, 160),
(1139, 131, 160),
(1140, 144, 160),
(1141, 157, 160),
(1142, 170, 160),
(1143, 183, 160),
(1144, 196, 160),
(1145, 209, 160),
(1146, 222, 160),
(1147, 295, 160),
(1148, 1, 161),
(1149, 2, 161),
(1150, 3, 161),
(1151, 4, 161),
(1152, 5, 161),
(1153, 6, 161),
(1154, 7, 161),
(1155, 8, 161),
(1156, 9, 161),
(1157, 10, 161),
(1158, 11, 161),
(1159, 12, 161),
(1160, 13, 161),
(1161, 14, 161),
(1162, 15, 161),
(1163, 16, 161),
(1164, 17, 161),
(1165, 18, 161),
(1166, 19, 161),
(1167, 20, 161),
(1168, 21, 161),
(1169, 22, 161),
(1170, 23, 161),
(1171, 24, 161),
(1172, 25, 161),
(1173, 26, 161),
(1174, 27, 161),
(1175, 28, 161),
(1176, 29, 161),
(1177, 30, 161),
(1178, 31, 161),
(1179, 32, 161),
(1180, 33, 161),
(1181, 40, 161),
(1182, 53, 161),
(1183, 66, 161),
(1184, 79, 161),
(1185, 92, 161),
(1186, 105, 161),
(1187, 118, 161),
(1188, 131, 161),
(1189, 144, 161),
(1190, 157, 161),
(1191, 170, 161),
(1192, 183, 161),
(1193, 196, 161),
(1194, 209, 161),
(1195, 222, 161),
(1196, 295, 161),
(1197, 1, 162),
(1198, 2, 162),
(1199, 3, 162),
(1200, 4, 162),
(1201, 5, 162),
(1202, 6, 162),
(1203, 7, 162),
(1204, 8, 162),
(1205, 9, 162),
(1206, 10, 162),
(1207, 11, 162),
(1208, 12, 162),
(1209, 13, 162),
(1210, 14, 162),
(1211, 15, 162),
(1212, 16, 162),
(1213, 17, 162),
(1214, 18, 162),
(1215, 19, 162),
(1216, 20, 162),
(1217, 21, 162),
(1218, 22, 162),
(1219, 23, 162),
(1220, 24, 162),
(1221, 25, 162),
(1222, 26, 162),
(1223, 27, 162),
(1224, 28, 162),
(1225, 29, 162),
(1226, 30, 162),
(1227, 31, 162),
(1228, 32, 162),
(1229, 33, 162),
(1230, 34, 162),
(1231, 36, 162),
(1232, 37, 162),
(1233, 38, 162),
(1234, 39, 162),
(1235, 40, 162),
(1236, 41, 162),
(1237, 42, 162),
(1238, 43, 162),
(1239, 44, 162),
(1240, 47, 162),
(1241, 49, 162),
(1242, 50, 162),
(1243, 51, 162),
(1244, 52, 162),
(1245, 53, 162),
(1246, 54, 162),
(1247, 55, 162),
(1248, 56, 162),
(1249, 57, 162),
(1250, 60, 162),
(1251, 62, 162),
(1252, 63, 162),
(1253, 64, 162),
(1254, 65, 162),
(1255, 66, 162),
(1256, 67, 162),
(1257, 68, 162),
(1258, 69, 162),
(1259, 70, 162),
(1260, 73, 162),
(1261, 75, 162),
(1262, 76, 162),
(1263, 77, 162),
(1264, 78, 162),
(1265, 79, 162),
(1266, 80, 162),
(1267, 81, 162),
(1268, 82, 162),
(1269, 83, 162),
(1270, 86, 162),
(1271, 88, 162),
(1272, 89, 162),
(1273, 90, 162),
(1274, 91, 162),
(1275, 92, 162),
(1276, 93, 162),
(1277, 94, 162),
(1278, 95, 162),
(1279, 96, 162),
(1280, 99, 162),
(1281, 101, 162),
(1282, 102, 162),
(1283, 103, 162),
(1284, 104, 162),
(1285, 105, 162),
(1286, 106, 162),
(1287, 107, 162),
(1288, 108, 162),
(1289, 109, 162),
(1290, 112, 162),
(1291, 114, 162),
(1292, 115, 162),
(1293, 116, 162),
(1294, 117, 162),
(1295, 118, 162),
(1296, 119, 162),
(1297, 120, 162),
(1298, 121, 162),
(1299, 122, 162),
(1300, 125, 162),
(1301, 127, 162),
(1302, 128, 162),
(1303, 129, 162),
(1304, 130, 162),
(1305, 131, 162),
(1306, 132, 162),
(1307, 133, 162),
(1308, 134, 162),
(1309, 135, 162),
(1310, 138, 162),
(1311, 140, 162),
(1312, 141, 162),
(1313, 142, 162),
(1314, 143, 162),
(1315, 144, 162),
(1316, 145, 162),
(1317, 146, 162),
(1318, 147, 162),
(1319, 148, 162),
(1320, 151, 162),
(1321, 153, 162),
(1322, 154, 162),
(1323, 155, 162),
(1324, 156, 162),
(1325, 157, 162),
(1326, 158, 162),
(1327, 159, 162),
(1328, 160, 162),
(1329, 161, 162),
(1330, 164, 162),
(1331, 166, 162),
(1332, 167, 162),
(1333, 168, 162),
(1334, 169, 162),
(1335, 170, 162),
(1336, 171, 162),
(1337, 172, 162),
(1338, 173, 162),
(1339, 174, 162),
(1340, 177, 162),
(1341, 179, 162),
(1342, 180, 162),
(1343, 181, 162),
(1344, 182, 162),
(1345, 183, 162),
(1346, 184, 162),
(1347, 185, 162),
(1348, 186, 162),
(1349, 187, 162),
(1350, 190, 162),
(1351, 192, 162),
(1352, 193, 162),
(1353, 194, 162),
(1354, 195, 162),
(1355, 196, 162),
(1356, 197, 162),
(1357, 198, 162),
(1358, 199, 162),
(1359, 200, 162),
(1360, 203, 162),
(1361, 205, 162),
(1362, 206, 162),
(1363, 207, 162),
(1364, 208, 162),
(1365, 209, 162),
(1366, 210, 162),
(1367, 211, 162),
(1368, 212, 162),
(1369, 213, 162),
(1370, 216, 162),
(1371, 218, 162),
(1372, 219, 162),
(1373, 220, 162),
(1374, 221, 162),
(1375, 222, 162),
(1376, 223, 162),
(1377, 224, 162),
(1378, 225, 162),
(1379, 226, 162),
(1380, 23, 163),
(1381, 24, 163),
(1382, 25, 163),
(1383, 26, 163),
(1384, 27, 163),
(1385, 28, 163),
(1386, 29, 163),
(1387, 30, 163),
(1388, 36, 163),
(1389, 49, 163),
(1390, 62, 163),
(1391, 75, 163),
(1392, 88, 163),
(1393, 101, 163),
(1394, 114, 163),
(1395, 127, 163),
(1396, 140, 163),
(1397, 153, 163),
(1398, 166, 163),
(1399, 179, 163),
(1400, 192, 163),
(1401, 205, 163),
(1402, 218, 163),
(1403, 23, 164),
(1404, 24, 164),
(1405, 25, 164),
(1406, 26, 164),
(1407, 27, 164),
(1408, 28, 164),
(1409, 29, 164),
(1410, 30, 164),
(1411, 36, 164),
(1412, 49, 164),
(1413, 62, 164),
(1414, 75, 164),
(1415, 88, 164),
(1416, 101, 164),
(1417, 114, 164),
(1418, 127, 164),
(1419, 140, 164),
(1420, 153, 164),
(1421, 166, 164),
(1422, 179, 164),
(1423, 192, 164),
(1424, 205, 164),
(1425, 218, 164),
(1426, 23, 165),
(1427, 24, 165),
(1428, 25, 165),
(1429, 26, 165),
(1430, 27, 165),
(1431, 28, 165),
(1432, 29, 165),
(1433, 30, 165),
(1434, 36, 165),
(1435, 49, 165),
(1436, 62, 165),
(1437, 75, 165),
(1438, 88, 165),
(1439, 101, 165),
(1440, 114, 165),
(1441, 127, 165),
(1442, 140, 165),
(1443, 153, 165),
(1444, 166, 165),
(1445, 179, 165),
(1446, 192, 165),
(1447, 205, 165),
(1448, 218, 165),
(1449, 23, 166),
(1450, 24, 166),
(1451, 25, 166),
(1452, 26, 166),
(1453, 27, 166),
(1454, 28, 166),
(1455, 29, 166),
(1456, 30, 166),
(1457, 36, 166),
(1458, 49, 166),
(1459, 62, 166),
(1460, 75, 166),
(1461, 88, 166),
(1462, 101, 166),
(1463, 114, 166),
(1464, 127, 166),
(1465, 140, 166),
(1466, 153, 166),
(1467, 166, 166),
(1468, 179, 166),
(1469, 192, 166),
(1470, 205, 166),
(1471, 218, 166),
(1472, 16, 167),
(1473, 17, 167),
(1474, 18, 167),
(1475, 19, 167),
(1476, 20, 167),
(1477, 21, 167),
(1478, 22, 167),
(1479, 16, 168),
(1480, 17, 168),
(1481, 18, 168),
(1482, 19, 168),
(1483, 20, 168),
(1484, 21, 168),
(1485, 22, 168),
(1486, 16, 169),
(1487, 17, 169),
(1488, 18, 169),
(1489, 19, 169),
(1490, 20, 169),
(1491, 21, 169),
(1492, 22, 169),
(1493, 229, 169),
(1494, 231, 169),
(1495, 295, 169),
(1496, 296, 169),
(1497, 34, 169),
(1498, 38, 169),
(1499, 41, 169),
(1500, 42, 169),
(1501, 43, 169),
(1502, 47, 169),
(1503, 51, 169),
(1504, 54, 169),
(1505, 55, 169),
(1506, 56, 169),
(1507, 60, 169),
(1508, 64, 169),
(1509, 67, 169),
(1510, 68, 169),
(1511, 69, 169),
(1512, 73, 169),
(1513, 77, 169),
(1514, 80, 169),
(1515, 81, 169),
(1516, 82, 169),
(1517, 86, 169),
(1518, 90, 169),
(1519, 93, 169),
(1520, 94, 169),
(1521, 95, 169),
(1522, 99, 169),
(1523, 103, 169),
(1524, 106, 169),
(1525, 107, 169),
(1526, 108, 169),
(1527, 112, 169),
(1528, 116, 169),
(1529, 119, 169),
(1530, 120, 169),
(1531, 121, 169),
(1532, 125, 169),
(1533, 129, 169),
(1534, 132, 169),
(1535, 133, 169),
(1536, 134, 169),
(1537, 138, 169),
(1538, 142, 169),
(1539, 145, 169),
(1540, 146, 169),
(1541, 147, 169),
(1542, 151, 169),
(1543, 155, 169),
(1544, 158, 169),
(1545, 159, 169),
(1546, 160, 169),
(1547, 164, 169),
(1548, 168, 169),
(1549, 171, 169),
(1550, 172, 169),
(1551, 173, 169),
(1552, 177, 169),
(1553, 181, 169),
(1554, 184, 169),
(1555, 185, 169),
(1556, 186, 169),
(1557, 190, 169),
(1558, 194, 169),
(1559, 197, 169),
(1560, 198, 169),
(1561, 199, 169),
(1562, 203, 169),
(1563, 207, 169),
(1564, 210, 169),
(1565, 211, 169),
(1566, 212, 169),
(1567, 216, 169),
(1568, 220, 169),
(1569, 223, 169),
(1570, 224, 169),
(1571, 225, 169),
(1572, 1, 171),
(1573, 2, 171),
(1574, 3, 171),
(1575, 4, 171),
(1576, 14, 171),
(1577, 231, 171),
(1578, 291, 171),
(1579, 1, 172),
(1580, 2, 172),
(1581, 3, 172),
(1582, 4, 172),
(1583, 14, 172),
(1584, 231, 172),
(1585, 291, 172),
(1586, 44, 173),
(1587, 57, 173),
(1588, 70, 173),
(1589, 83, 173),
(1590, 96, 173),
(1591, 109, 173),
(1592, 122, 173),
(1593, 135, 173),
(1594, 148, 173),
(1595, 161, 173),
(1596, 174, 173),
(1597, 187, 173),
(1598, 200, 173),
(1599, 213, 173),
(1600, 226, 173),
(1601, 231, 173),
(1602, 291, 173),
(1603, 44, 174),
(1604, 57, 174),
(1605, 70, 174),
(1606, 83, 174),
(1607, 96, 174),
(1608, 109, 174),
(1609, 122, 174),
(1610, 135, 174),
(1611, 148, 174),
(1612, 161, 174),
(1613, 174, 174),
(1614, 187, 174),
(1615, 200, 174),
(1616, 213, 174),
(1617, 226, 174),
(1618, 231, 174),
(1619, 291, 174),
(1620, 44, 175),
(1621, 57, 175),
(1622, 70, 175),
(1623, 83, 175),
(1624, 96, 175),
(1625, 109, 175),
(1626, 122, 175),
(1627, 135, 175),
(1628, 148, 175),
(1629, 161, 175),
(1630, 174, 175),
(1631, 187, 175),
(1632, 200, 175),
(1633, 213, 175),
(1634, 226, 175),
(1635, 231, 175),
(1636, 296, 175),
(1637, 34, 176),
(1638, 35, 176),
(1639, 36, 176),
(1640, 37, 176),
(1641, 38, 176),
(1642, 39, 176),
(1643, 40, 176),
(1644, 41, 176),
(1645, 42, 176),
(1646, 43, 176),
(1647, 44, 176),
(1648, 45, 176),
(1649, 46, 176),
(1650, 47, 176),
(1651, 48, 176),
(1652, 49, 176),
(1653, 50, 176),
(1654, 51, 176),
(1655, 52, 176),
(1656, 53, 176),
(1657, 54, 176),
(1658, 55, 176),
(1659, 56, 176),
(1660, 57, 176),
(1661, 58, 176),
(1662, 59, 176),
(1663, 60, 176),
(1664, 61, 176),
(1665, 62, 176),
(1666, 63, 176),
(1667, 64, 176),
(1668, 65, 176),
(1669, 66, 176),
(1670, 67, 176),
(1671, 68, 176),
(1672, 69, 176),
(1673, 70, 176),
(1674, 71, 176),
(1675, 72, 176),
(1676, 73, 176),
(1677, 74, 176),
(1678, 75, 176),
(1679, 76, 176),
(1680, 77, 176),
(1681, 78, 176),
(1682, 79, 176),
(1683, 80, 176),
(1684, 81, 176),
(1685, 82, 176),
(1686, 83, 176),
(1687, 84, 176),
(1688, 85, 176),
(1689, 86, 176),
(1690, 87, 176),
(1691, 88, 176),
(1692, 89, 176),
(1693, 90, 176),
(1694, 91, 176),
(1695, 92, 176),
(1696, 93, 176),
(1697, 94, 176),
(1698, 95, 176),
(1699, 96, 176),
(1700, 97, 176),
(1701, 98, 176),
(1702, 99, 176),
(1703, 100, 176),
(1704, 101, 176),
(1705, 102, 176),
(1706, 103, 176),
(1707, 104, 176),
(1708, 105, 176),
(1709, 106, 176),
(1710, 107, 176),
(1711, 108, 176),
(1712, 109, 176),
(1713, 110, 176),
(1714, 111, 176),
(1715, 112, 176),
(1716, 113, 176),
(1717, 114, 176),
(1718, 115, 176),
(1719, 116, 176),
(1720, 117, 176),
(1721, 118, 176),
(1722, 119, 176),
(1723, 120, 176),
(1724, 121, 176),
(1725, 122, 176),
(1726, 123, 176),
(1727, 124, 176),
(1728, 125, 176),
(1729, 126, 176),
(1730, 127, 176),
(1731, 128, 176),
(1732, 129, 176),
(1733, 130, 176),
(1734, 131, 176),
(1735, 132, 176),
(1736, 133, 176),
(1737, 134, 176),
(1738, 135, 176),
(1739, 136, 176),
(1740, 137, 176),
(1741, 138, 176),
(1742, 139, 176),
(1743, 140, 176),
(1744, 141, 176),
(1745, 142, 176),
(1746, 143, 176),
(1747, 144, 176),
(1748, 145, 176),
(1749, 146, 176),
(1750, 147, 176),
(1751, 148, 176),
(1752, 149, 176),
(1753, 150, 176),
(1754, 151, 176),
(1755, 152, 176),
(1756, 153, 176),
(1757, 154, 176),
(1758, 155, 176),
(1759, 156, 176),
(1760, 157, 176),
(1761, 158, 176),
(1762, 159, 176),
(1763, 160, 176),
(1764, 161, 176),
(1765, 162, 176),
(1766, 163, 176),
(1767, 164, 176),
(1768, 165, 176),
(1769, 166, 176),
(1770, 167, 176),
(1771, 168, 176),
(1772, 169, 176),
(1773, 170, 176),
(1774, 171, 176),
(1775, 172, 176),
(1776, 173, 176),
(1777, 174, 176),
(1778, 175, 176),
(1779, 176, 176),
(1780, 177, 176),
(1781, 178, 176),
(1782, 179, 176),
(1783, 180, 176),
(1784, 181, 176),
(1785, 182, 176),
(1786, 183, 176),
(1787, 184, 176),
(1788, 185, 176),
(1789, 186, 176),
(1790, 187, 176),
(1791, 188, 176),
(1792, 189, 176),
(1793, 190, 176),
(1794, 191, 176),
(1795, 192, 176),
(1796, 193, 176),
(1797, 194, 176),
(1798, 195, 176),
(1799, 196, 176),
(1800, 197, 176),
(1801, 198, 176),
(1802, 199, 176),
(1803, 200, 176),
(1804, 201, 176),
(1805, 202, 176),
(1806, 203, 176),
(1807, 204, 176),
(1808, 205, 176),
(1809, 206, 176),
(1810, 207, 176),
(1811, 208, 176),
(1812, 209, 176),
(1813, 210, 176),
(1814, 211, 176),
(1815, 212, 176),
(1816, 213, 176),
(1817, 214, 176),
(1818, 215, 176),
(1819, 216, 176),
(1820, 217, 176),
(1821, 218, 176),
(1822, 219, 176),
(1823, 220, 176),
(1824, 221, 176),
(1825, 222, 176),
(1826, 223, 176),
(1827, 224, 176),
(1828, 225, 176),
(1829, 226, 176),
(1830, 227, 176),
(1831, 228, 176),
(1832, 229, 176),
(1833, 230, 176),
(1834, 231, 176),
(1835, 295, 176),
(1836, 296, 176),
(1837, 34, 177),
(1838, 35, 177),
(1839, 36, 177),
(1840, 37, 177),
(1841, 38, 177),
(1842, 39, 177),
(1843, 40, 177),
(1844, 41, 177),
(1845, 42, 177),
(1846, 43, 177),
(1847, 44, 177),
(1848, 45, 177),
(1849, 46, 177),
(1850, 47, 177),
(1851, 48, 177),
(1852, 49, 177),
(1853, 50, 177),
(1854, 51, 177),
(1855, 52, 177),
(1856, 53, 177),
(1857, 54, 177),
(1858, 55, 177),
(1859, 56, 177),
(1860, 57, 177),
(1861, 58, 177),
(1862, 59, 177),
(1863, 60, 177),
(1864, 61, 177),
(1865, 62, 177),
(1866, 63, 177),
(1867, 64, 177),
(1868, 65, 177),
(1869, 66, 177),
(1870, 67, 177),
(1871, 68, 177),
(1872, 69, 177),
(1873, 70, 177),
(1874, 71, 177),
(1875, 72, 177),
(1876, 73, 177),
(1877, 74, 177),
(1878, 75, 177),
(1879, 76, 177),
(1880, 77, 177),
(1881, 78, 177),
(1882, 79, 177),
(1883, 80, 177),
(1884, 81, 177),
(1885, 82, 177),
(1886, 83, 177),
(1887, 84, 177),
(1888, 85, 177),
(1889, 86, 177),
(1890, 87, 177),
(1891, 88, 177),
(1892, 89, 177),
(1893, 90, 177),
(1894, 91, 177),
(1895, 92, 177),
(1896, 93, 177),
(1897, 94, 177),
(1898, 95, 177),
(1899, 96, 177),
(1900, 97, 177),
(1901, 98, 177),
(1902, 99, 177),
(1903, 100, 177),
(1904, 101, 177),
(1905, 102, 177),
(1906, 103, 177),
(1907, 104, 177),
(1908, 105, 177),
(1909, 106, 177),
(1910, 107, 177),
(1911, 108, 177),
(1912, 109, 177),
(1913, 110, 177),
(1914, 111, 177),
(1915, 112, 177),
(1916, 113, 177),
(1917, 114, 177),
(1918, 115, 177),
(1919, 116, 177),
(1920, 117, 177),
(1921, 118, 177),
(1922, 119, 177),
(1923, 120, 177),
(1924, 121, 177),
(1925, 122, 177),
(1926, 123, 177),
(1927, 124, 177),
(1928, 125, 177),
(1929, 126, 177),
(1930, 127, 177),
(1931, 128, 177),
(1932, 129, 177),
(1933, 130, 177),
(1934, 131, 177),
(1935, 132, 177),
(1936, 133, 177),
(1937, 134, 177),
(1938, 135, 177),
(1939, 136, 177),
(1940, 137, 177),
(1941, 138, 177),
(1942, 139, 177),
(1943, 140, 177),
(1944, 141, 177),
(1945, 142, 177),
(1946, 143, 177),
(1947, 144, 177),
(1948, 145, 177),
(1949, 146, 177),
(1950, 147, 177),
(1951, 148, 177),
(1952, 149, 177),
(1953, 150, 177),
(1954, 151, 177),
(1955, 152, 177),
(1956, 153, 177),
(1957, 154, 177),
(1958, 155, 177),
(1959, 156, 177),
(1960, 157, 177),
(1961, 158, 177),
(1962, 159, 177),
(1963, 160, 177),
(1964, 161, 177),
(1965, 162, 177),
(1966, 163, 177),
(1967, 164, 177),
(1968, 165, 177),
(1969, 166, 177),
(1970, 167, 177),
(1971, 168, 177),
(1972, 169, 177),
(1973, 170, 177),
(1974, 171, 177),
(1975, 172, 177),
(1976, 173, 177),
(1977, 174, 177),
(1978, 175, 177),
(1979, 176, 177),
(1980, 177, 177),
(1981, 178, 177),
(1982, 179, 177),
(1983, 180, 177),
(1984, 181, 177),
(1985, 182, 177),
(1986, 183, 177),
(1987, 184, 177),
(1988, 185, 177),
(1989, 186, 177),
(1990, 187, 177),
(1991, 188, 177),
(1992, 189, 177),
(1993, 190, 177),
(1994, 191, 177),
(1995, 192, 177),
(1996, 193, 177),
(1997, 194, 177),
(1998, 195, 177),
(1999, 196, 177),
(2000, 197, 177),
(2001, 198, 177),
(2002, 199, 177),
(2003, 200, 177),
(2004, 201, 177),
(2005, 202, 177),
(2006, 203, 177),
(2007, 204, 177),
(2008, 205, 177),
(2009, 206, 177),
(2010, 207, 177),
(2011, 208, 177),
(2012, 209, 177),
(2013, 210, 177),
(2014, 211, 177),
(2015, 212, 177),
(2016, 213, 177),
(2017, 214, 177),
(2018, 215, 177),
(2019, 216, 177),
(2020, 217, 177),
(2021, 218, 177),
(2022, 219, 177),
(2023, 220, 177),
(2024, 221, 177),
(2025, 222, 177),
(2026, 223, 177),
(2027, 224, 177),
(2028, 225, 177),
(2029, 226, 177),
(2030, 227, 177),
(2031, 228, 177),
(2032, 229, 177),
(2033, 230, 177),
(2034, 231, 177),
(2035, 295, 177),
(2036, 296, 177),
(2037, 7, 178),
(2038, 8, 178),
(2039, 9, 178),
(2040, 10, 178),
(2041, 231, 178),
(2042, 296, 178),
(2043, 7, 179),
(2044, 8, 179),
(2045, 9, 179),
(2046, 10, 179),
(2047, 231, 179),
(2048, 296, 179),
(2049, 229, 181),
(2050, 231, 181),
(2051, 232, 181),
(2052, 296, 181),
(2053, 229, 182),
(2054, 231, 182),
(2055, 232, 182),
(2056, 296, 182),
(2057, 233, 183),
(2058, 234, 183),
(2059, 235, 183),
(2060, 236, 183),
(2061, 237, 183),
(2062, 238, 183),
(2063, 233, 184),
(2064, 234, 184),
(2065, 235, 184),
(2066, 236, 184),
(2067, 237, 184),
(2068, 238, 184),
(2069, 233, 185),
(2070, 234, 185),
(2071, 235, 185),
(2072, 236, 185),
(2073, 233, 186),
(2074, 234, 186),
(2075, 235, 186),
(2076, 236, 186),
(2077, 237, 186),
(2078, 238, 186),
(2079, 233, 187),
(2080, 234, 187),
(2081, 235, 187),
(2082, 236, 187),
(2083, 237, 187),
(2084, 238, 187),
(2085, 239, 188),
(2086, 240, 188),
(2087, 241, 188),
(2088, 242, 188),
(2089, 243, 188),
(2090, 239, 189),
(2091, 240, 189),
(2092, 241, 189),
(2093, 242, 189),
(2094, 243, 189),
(2095, 239, 190),
(2096, 240, 190),
(2097, 241, 190),
(2098, 239, 191),
(2099, 240, 191),
(2100, 241, 191),
(2101, 242, 191),
(2102, 243, 191),
(2103, 239, 192),
(2104, 240, 192),
(2105, 241, 192),
(2106, 242, 192),
(2107, 243, 192),
(2108, 244, 193),
(2109, 245, 193),
(2110, 246, 193),
(2111, 247, 193),
(2112, 248, 193),
(2113, 249, 193),
(2114, 250, 193),
(2115, 251, 193),
(2116, 244, 194),
(2117, 245, 194),
(2118, 246, 194),
(2119, 247, 194),
(2120, 248, 194),
(2121, 249, 194),
(2122, 250, 194),
(2123, 251, 194),
(2124, 244, 195),
(2125, 247, 195),
(2126, 248, 195),
(2127, 244, 196),
(2128, 245, 196),
(2129, 246, 196),
(2130, 247, 196),
(2131, 248, 196),
(2132, 249, 196),
(2133, 250, 196),
(2134, 251, 196),
(2135, 244, 197),
(2136, 245, 197),
(2137, 246, 197),
(2138, 247, 197),
(2139, 248, 197),
(2140, 249, 197),
(2141, 250, 197),
(2142, 251, 197),
(2143, 233, 198),
(2144, 239, 198),
(2145, 244, 198),
(2146, 233, 200),
(2147, 234, 200),
(2148, 235, 200),
(2149, 236, 200),
(2150, 237, 200),
(2151, 238, 200),
(2152, 239, 200),
(2153, 240, 200),
(2154, 241, 200),
(2155, 242, 200),
(2156, 243, 200),
(2157, 244, 200),
(2158, 245, 200),
(2159, 246, 200),
(2160, 247, 200),
(2161, 248, 200),
(2162, 249, 200),
(2163, 250, 200),
(2164, 251, 200),
(2165, 233, 201),
(2166, 234, 201),
(2167, 235, 201),
(2168, 236, 201),
(2169, 237, 201),
(2170, 238, 201),
(2171, 239, 201),
(2172, 240, 201),
(2173, 241, 201),
(2174, 242, 201),
(2175, 243, 201),
(2176, 244, 201),
(2177, 245, 201),
(2178, 246, 201),
(2179, 247, 201),
(2180, 248, 201),
(2181, 249, 201),
(2182, 250, 201),
(2183, 251, 201),
(2184, 233, 202),
(2185, 234, 202),
(2186, 235, 202),
(2187, 236, 202),
(2188, 237, 202),
(2189, 238, 202),
(2190, 239, 202),
(2191, 240, 202),
(2192, 241, 202),
(2193, 242, 202),
(2194, 243, 202),
(2195, 244, 202),
(2196, 245, 202),
(2197, 246, 202),
(2198, 247, 202),
(2199, 248, 202),
(2200, 249, 202),
(2201, 250, 202),
(2202, 251, 202);

-- --------------------------------------------------------

--
-- Table structure for table `positions`
--

DROP TABLE IF EXISTS `positions`;
CREATE TABLE IF NOT EXISTS `positions` (
  `positionID` int(11) NOT NULL AUTO_INCREMENT,
  `title` varchar(64) NOT NULL,
  `division` int(11) NOT NULL,
  `school_department` int(11) NOT NULL,
  PRIMARY KEY (`positionID`),
  UNIQUE KEY `title` (`title`,`division`,`school_department`),
  KEY `division` (`division`),
  KEY `school_department` (`school_department`)
) ENGINE=MyISAM  DEFAULT CHARSET=latin1 AUTO_INCREMENT=297 ;

--
-- Dumping data for table `positions`
--

INSERT INTO `positions` VALUES
(1, 'President', 1, 1),
(2, 'CEO', 1, 1),
(3, 'Senior Vice President', 1, 1),
(4, 'COO of Fusion', 1, 1),
(5, 'Executive Assistant', 1, 1),
(6, 'DePauw Intern', 1, 1),
(7, 'VP of Education', 1, 2),
(8, 'General Manager of Lexis', 1, 2),
(9, 'Education Manager', 1, 2),
(10, 'New Talent Coordinator', 1, 2),
(11, 'VP of Human Resources', 1, 3),
(12, 'Human Resources Manager', 1, 3),
(13, 'Human Resources Associate', 1, 3),
(14, 'IT Manager', 1, 4),
(15, 'IT Intern', 1, 4),
(16, 'Vice President of Finance', 1, 5),
(17, 'CFO', 1, 5),
(18, 'Corporate Controller', 1, 5),
(19, 'Accounting Associate', 1, 5),
(20, 'Accounts Payable Specialist', 1, 5),
(21, 'Accounting Temp', 1, 5),
(22, 'Accounting Intern', 1, 5),
(23, 'Director of Marketing', 1, 6),
(24, 'Marketing Manager', 1, 6),
(25, 'Marketing Specialist', 1, 6),
(26, 'SEM Marketing Analyst', 1, 6),
(27, 'Marketing PPC', 1, 6),
(28, 'Marketing Intern', 1, 6),
(29, 'Social Media Intern', 1, 6),
(30, 'Marketing Consultant', 1, 6),
(31, 'Vice President of New Business Development', 1, 7),
(32, 'School Launch Manager', 1, 7),
(33, 'Administrative Assistant', 1, 8),
(34, 'Assistant Director', 2, 9),
(35, 'Counselor', 2, 9),
(36, 'Director of Communications & Outreach', 2, 9),
(37, 'Director of First Impressions', 2, 9),
(38, 'Director of Student Development', 2, 9),
(39, 'Director of Tutoring', 2, 9),
(40, 'Fusionologist', 2, 9),
(41, 'Head of School', 2, 9),
(42, 'Information Specialist', 2, 9),
(43, 'Master Teacher', 2, 9),
(44, 'Registrar', 2, 9),
(45, 'Substitute Teacher', 2, 9),
(46, 'Teacher', 2, 9),
(47, 'Assistant Director', 2, 10),
(48, 'Counselor', 2, 10),
(49, 'Director of Communications & Outreach', 2, 10),
(50, 'Director of First Impressions', 2, 10),
(51, 'Director of Student Development', 2, 10),
(52, 'Director of Tutoring', 2, 10),
(53, 'Fusionologist', 2, 10),
(54, 'Head of School', 2, 10),
(55, 'Information Specialist', 2, 10),
(56, 'Master Teacher', 2, 10),
(57, 'Registrar', 2, 10),
(58, 'Substitute Teacher', 2, 10),
(59, 'Teacher', 2, 10),
(60, 'Assistant Director', 2, 11),
(61, 'Counselor', 2, 11),
(62, 'Director of Communications & Outreach', 2, 11),
(63, 'Director of First Impressions', 2, 11),
(64, 'Director of Student Development', 2, 11),
(65, 'Director of Tutoring', 2, 11),
(66, 'Fusionologist', 2, 11),
(67, 'Head of School', 2, 11),
(68, 'Information Specialist', 2, 11),
(69, 'Master Teacher', 2, 11),
(70, 'Registrar', 2, 11),
(71, 'Substitute Teacher', 2, 11),
(72, 'Teacher', 2, 11),
(73, 'Assistant Director', 2, 12),
(74, 'Counselor', 2, 12),
(75, 'Director of Communications & Outreach', 2, 12),
(76, 'Director of First Impressions', 2, 12),
(77, 'Director of Student Development', 2, 12),
(78, 'Director of Tutoring', 2, 12),
(79, 'Fusionologist', 2, 12),
(80, 'Head of School', 2, 12),
(81, 'Information Specialist', 2, 12),
(82, 'Master Teacher', 2, 12),
(83, 'Registrar', 2, 12),
(84, 'Substitute Teacher', 2, 12),
(85, 'Teacher', 2, 12),
(86, 'Assistant Director', 2, 13),
(87, 'Counselor', 2, 13),
(88, 'Director of Communications & Outreach', 2, 13),
(89, 'Director of First Impressions', 2, 13),
(90, 'Director of Student Development', 2, 13),
(91, 'Director of Tutoring', 2, 13),
(92, 'Fusionologist', 2, 13),
(93, 'Head of School', 2, 13),
(94, 'Information Specialist', 2, 13),
(95, 'Master Teacher', 2, 13),
(96, 'Registrar', 2, 13),
(97, 'Substitute Teacher', 2, 13),
(98, 'Teacher', 2, 13),
(99, 'Assistant Director', 2, 14),
(100, 'Counselor', 2, 14),
(101, 'Director of Communications & Outreach', 2, 14),
(102, 'Director of First Impressions', 2, 14),
(103, 'Director of Student Development', 2, 14),
(104, 'Director of Tutoring', 2, 14),
(105, 'Fusionologist', 2, 14),
(106, 'Head of School', 2, 14),
(107, 'Information Specialist', 2, 14),
(108, 'Master Teacher', 2, 14),
(109, 'Registrar', 2, 14),
(110, 'Substitute Teacher', 2, 14),
(111, 'Teacher', 2, 14),
(112, 'Assistant Director', 2, 15),
(113, 'Counselor', 2, 15),
(114, 'Director of Communications & Outreach', 2, 15),
(115, 'Director of First Impressions', 2, 15),
(116, 'Director of Student Development', 2, 15),
(117, 'Director of Tutoring', 2, 15),
(118, 'Fusionologist', 2, 15),
(119, 'Head of School', 2, 15),
(120, 'Information Specialist', 2, 15),
(121, 'Master Teacher', 2, 15),
(122, 'Registrar', 2, 15),
(123, 'Substitute Teacher', 2, 15),
(124, 'Teacher', 2, 15),
(125, 'Assistant Director', 2, 16),
(126, 'Counselor', 2, 16),
(127, 'Director of Communications & Outreach', 2, 16),
(128, 'Director of First Impressions', 2, 16),
(129, 'Director of Student Development', 2, 16),
(130, 'Director of Tutoring', 2, 16),
(131, 'Fusionologist', 2, 16),
(132, 'Head of School', 2, 16),
(133, 'Information Specialist', 2, 16),
(134, 'Master Teacher', 2, 16),
(135, 'Registrar', 2, 16),
(136, 'Substitute Teacher', 2, 16),
(137, 'Teacher', 2, 16),
(138, 'Assistant Director', 2, 17),
(139, 'Counselor', 2, 17),
(140, 'Director of Communications & Outreach', 2, 17),
(141, 'Director of First Impressions', 2, 17),
(142, 'Director of Student Development', 2, 17),
(143, 'Director of Tutoring', 2, 17),
(144, 'Fusionologist', 2, 17),
(145, 'Head of School', 2, 17),
(146, 'Information Specialist', 2, 17),
(147, 'Master Teacher', 2, 17),
(148, 'Registrar', 2, 17),
(149, 'Substitute Teacher', 2, 17),
(150, 'Teacher', 2, 17),
(151, 'Assistant Director', 2, 18),
(152, 'Counselor', 2, 18),
(153, 'Director of Communications & Outreach', 2, 18),
(154, 'Director of First Impressions', 2, 18),
(155, 'Director of Student Development', 2, 18),
(156, 'Director of Tutoring', 2, 18),
(157, 'Fusionologist', 2, 18),
(158, 'Head of School', 2, 18),
(159, 'Information Specialist', 2, 18),
(160, 'Master Teacher', 2, 18),
(161, 'Registrar', 2, 18),
(162, 'Substitute Teacher', 2, 18),
(163, 'Teacher', 2, 18),
(164, 'Assistant Director', 2, 19),
(165, 'Counselor', 2, 19),
(166, 'Director of Communications & Outreach', 2, 19),
(167, 'Director of First Impressions', 2, 19),
(168, 'Director of Student Development', 2, 19),
(169, 'Director of Tutoring', 2, 19),
(170, 'Fusionologist', 2, 19),
(171, 'Head of School', 2, 19),
(172, 'Information Specialist', 2, 19),
(173, 'Master Teacher', 2, 19),
(174, 'Registrar', 2, 19),
(175, 'Substitute Teacher', 2, 19),
(176, 'Teacher', 2, 19),
(177, 'Assistant Director', 2, 20),
(178, 'Counselor', 2, 20),
(179, 'Director of Communications & Outreach', 2, 20),
(180, 'Director of First Impressions', 2, 20),
(181, 'Director of Student Development', 2, 20),
(182, 'Director of Tutoring', 2, 20),
(183, 'Fusionologist', 2, 20),
(184, 'Head of School', 2, 20),
(185, 'Information Specialist', 2, 20),
(186, 'Master Teacher', 2, 20),
(187, 'Registrar', 2, 20),
(188, 'Substitute Teacher', 2, 20),
(189, 'Teacher', 2, 20),
(190, 'Assistant Director', 2, 21),
(191, 'Counselor', 2, 21),
(192, 'Director of Communications & Outreach', 2, 21),
(193, 'Director of First Impressions', 2, 21),
(194, 'Director of Student Development', 2, 21),
(195, 'Director of Tutoring', 2, 21),
(196, 'Fusionologist', 2, 21),
(197, 'Head of School', 2, 21),
(198, 'Information Specialist', 2, 21),
(199, 'Master Teacher', 2, 21),
(200, 'Registrar', 2, 21),
(201, 'Substitute Teacher', 2, 21),
(202, 'Teacher', 2, 21),
(203, 'Assistant Director', 2, 22),
(204, 'Counselor', 2, 22),
(205, 'Director of Communications & Outreach', 2, 22),
(206, 'Director of First Impressions', 2, 22),
(207, 'Director of Student Development', 2, 22),
(208, 'Director of Tutoring', 2, 22),
(209, 'Fusionologist', 2, 22),
(210, 'Head of School', 2, 22),
(211, 'Information Specialist', 2, 22),
(212, 'Master Teacher', 2, 22),
(213, 'Registrar', 2, 22),
(214, 'Substitute Teacher', 2, 22),
(215, 'Teacher', 2, 22),
(216, 'Assistant Director', 2, 23),
(217, 'Counselor', 2, 23),
(218, 'Director of Communications & Outreach', 2, 23),
(219, 'Director of First Impressions', 2, 23),
(220, 'Director of Student Development', 2, 23),
(221, 'Director of Tutoring', 2, 23),
(222, 'Fusionologist', 2, 23),
(223, 'Head of School', 2, 23),
(224, 'Information Specialist', 2, 23),
(225, 'Master Teacher', 2, 23),
(226, 'Registrar', 2, 23),
(227, 'Substitute Teacher', 2, 23),
(228, 'Teacher', 2, 23),
(229, 'Regional Assistant', 2, 24),
(230, 'Regional Director of Community Outreach', 2, 24),
(231, 'Director of Operations', 2, 24),
(232, 'New Talent Coordinator', 2, 24),
(233, 'Head of School', 3, 25),
(234, 'Assistant Head of School', 3, 25),
(235, 'Director of Admissions', 3, 25),
(236, 'Business Manager', 3, 25),
(237, 'Teacher', 3, 25),
(238, 'Substitute Teacher', 3, 25),
(239, 'Head of School', 3, 26),
(240, 'Admissions Coordinator', 3, 26),
(241, 'MS Director', 3, 26),
(242, 'Teacher', 3, 26),
(243, 'Substitute Teacher', 3, 26),
(244, 'Head of School', 3, 27),
(245, 'Psychologist', 3, 27),
(246, 'Outreach', 3, 27),
(247, 'Principal', 3, 27),
(248, 'Admin/Admissions Coordinator', 3, 27),
(249, 'Office Manager', 3, 27),
(250, 'Teacher', 3, 27),
(251, 'Substitute Teacher', 3, 27),
(252, 'Executive Director', 4, 28),
(253, 'Teacher', 4, 28),
(254, 'Executive Director', 4, 29),
(255, 'Teacher', 4, 29),
(256, 'Executive Director', 4, 30),
(257, 'Teacher', 4, 30),
(258, 'Executive Director', 4, 31),
(259, 'Teacher', 4, 31),
(260, 'Executive Director', 4, 32),
(261, 'Teacher', 4, 32),
(262, 'Executive Director', 4, 33),
(263, 'Teacher', 4, 33),
(264, 'Executive Director', 4, 34),
(265, 'Teacher', 4, 34),
(266, 'Executive Director', 4, 35),
(267, 'Teacher', 4, 35),
(268, 'Executive Director', 4, 36),
(269, 'Teacher', 4, 36),
(270, 'Executive Director', 4, 37),
(271, 'Teacher', 4, 37),
(272, 'Executive Director', 4, 38),
(273, 'Teacher', 4, 38),
(274, 'Executive Director', 4, 39),
(275, 'Teacher', 4, 39),
(276, 'Executive Director', 4, 40),
(277, 'Teacher', 4, 40),
(278, 'Executive Director', 4, 41),
(279, 'Teacher', 4, 41),
(280, 'Executive Director', 4, 42),
(281, 'Teacher', 4, 42),
(282, 'Executive Director', 4, 43),
(283, 'Teacher', 4, 43),
(284, 'President', 4, 44),
(285, 'VP of Finance', 4, 44),
(286, 'Director of Operations', 4, 44),
(287, 'Regional Director', 4, 44),
(288, 'Director of Research & Development', 4, 44),
(289, 'Director of Human Resources', 4, 44),
(290, 'Director of Operations & Facilities', 4, 44),
(291, 'Director of Curriculum', 4, 44),
(292, 'Director of Talent', 4, 44),
(293, 'Executive Assistant to the President', 4, 44),
(294, 'Executive Assistant to Finance', 4, 44),
(295, 'Regional Fusionologist', 2, 24),
(296, 'Regional Director', 2, 24);

-- --------------------------------------------------------

--
-- Table structure for table `read_permissions`
--

DROP TABLE IF EXISTS `read_permissions`;
CREATE TABLE IF NOT EXISTS `read_permissions` (
  `readPermissionID` int(11) NOT NULL AUTO_INCREMENT,
  `position` int(11) NOT NULL,
  `directory` int(11) NOT NULL,
  PRIMARY KEY (`readPermissionID`),
  UNIQUE KEY `position` (`position`,`directory`),
  KEY `directory` (`directory`)
) ENGINE=MyISAM  DEFAULT CHARSET=latin1 AUTO_INCREMENT=2836 ;

--
-- Dumping data for table `read_permissions`
--

INSERT INTO `read_permissions` VALUES
(51, 37, 34),
(52, 50, 34),
(53, 63, 34),
(54, 76, 34),
(55, 89, 34),
(56, 102, 34),
(57, 115, 34),
(58, 128, 34),
(59, 121, 34),
(60, 154, 34),
(61, 167, 34),
(62, 180, 34),
(63, 193, 34),
(64, 206, 34),
(65, 219, 34),
(66, 34, 34),
(67, 47, 34),
(68, 60, 34),
(69, 73, 34),
(70, 86, 34),
(71, 99, 34),
(72, 112, 34),
(73, 125, 34),
(74, 138, 34),
(75, 151, 34),
(76, 164, 34),
(77, 177, 34),
(78, 190, 34),
(79, 203, 34),
(80, 216, 34),
(81, 41, 34),
(82, 54, 34),
(83, 67, 34),
(84, 80, 34),
(85, 93, 34),
(86, 106, 34),
(87, 119, 34),
(88, 132, 34),
(89, 145, 34),
(90, 158, 34),
(91, 171, 34),
(92, 184, 34),
(93, 197, 34),
(94, 210, 34),
(95, 223, 34),
(96, 233, 34),
(97, 239, 34),
(98, 244, 34),
(102, 37, 35),
(103, 50, 35),
(104, 63, 35),
(105, 76, 35),
(106, 89, 35),
(107, 102, 35),
(108, 115, 35),
(109, 128, 35),
(110, 121, 35),
(111, 154, 35),
(112, 167, 35),
(113, 180, 35),
(114, 193, 35),
(115, 206, 35),
(116, 219, 35),
(117, 35, 35),
(118, 47, 35),
(119, 60, 35),
(120, 73, 35),
(121, 86, 35),
(122, 99, 35),
(123, 112, 35),
(124, 125, 35),
(125, 138, 35),
(126, 151, 35),
(127, 164, 35),
(128, 177, 35),
(129, 190, 35),
(130, 203, 35),
(131, 216, 35),
(132, 41, 35),
(133, 54, 35),
(134, 67, 35),
(135, 80, 35),
(136, 93, 35),
(137, 106, 35),
(138, 119, 35),
(139, 132, 35),
(140, 145, 35),
(141, 158, 35),
(142, 171, 35),
(143, 184, 35),
(144, 197, 35),
(145, 210, 35),
(146, 223, 35),
(147, 233, 35),
(148, 239, 35),
(149, 244, 35),
(153, 37, 36),
(154, 50, 36),
(155, 63, 36),
(156, 76, 36),
(157, 89, 36),
(158, 102, 36),
(159, 115, 36),
(160, 128, 36),
(161, 121, 36),
(162, 154, 36),
(163, 167, 36),
(164, 180, 36),
(165, 193, 36),
(166, 206, 36),
(167, 219, 36),
(168, 36, 36),
(169, 47, 36),
(170, 60, 36),
(171, 73, 36),
(172, 86, 36),
(173, 99, 36),
(174, 112, 36),
(175, 125, 36),
(176, 138, 36),
(177, 151, 36),
(178, 164, 36),
(179, 177, 36),
(180, 190, 36),
(181, 203, 36),
(182, 216, 36),
(183, 41, 36),
(184, 54, 36),
(185, 67, 36),
(186, 80, 36),
(187, 93, 36),
(188, 106, 36),
(189, 119, 36),
(190, 132, 36),
(191, 145, 36),
(192, 158, 36),
(193, 171, 36),
(194, 184, 36),
(195, 197, 36),
(196, 210, 36),
(197, 223, 36),
(198, 233, 36),
(199, 239, 36),
(200, 244, 36),
(208, 37, 38),
(209, 50, 38),
(210, 63, 38),
(211, 76, 38),
(212, 89, 38),
(213, 102, 38),
(214, 115, 38),
(215, 128, 38),
(216, 121, 38),
(217, 154, 38),
(218, 167, 38),
(219, 180, 38),
(220, 193, 38),
(221, 206, 38),
(222, 219, 38),
(223, 38, 38),
(224, 47, 38),
(225, 60, 38),
(226, 73, 38),
(227, 86, 38),
(228, 99, 38),
(229, 112, 38),
(230, 125, 38),
(231, 138, 38),
(232, 151, 38),
(233, 164, 38),
(234, 177, 38),
(235, 190, 38),
(236, 203, 38),
(237, 216, 38),
(238, 41, 38),
(239, 54, 38),
(240, 67, 38),
(241, 80, 38),
(242, 93, 38),
(243, 106, 38),
(244, 119, 38),
(245, 132, 38),
(246, 145, 38),
(247, 158, 38),
(248, 171, 38),
(249, 184, 38),
(250, 197, 38),
(251, 210, 38),
(252, 223, 38),
(253, 233, 38),
(254, 239, 38),
(255, 244, 38),
(531, 7, 89),
(532, 8, 89),
(533, 9, 89),
(534, 10, 89),
(535, 11, 89),
(536, 12, 89),
(537, 13, 89),
(538, 14, 89),
(539, 15, 89),
(540, 16, 89),
(541, 17, 89),
(542, 18, 89),
(543, 19, 89),
(544, 20, 89),
(545, 21, 89),
(546, 22, 89),
(547, 23, 89),
(548, 24, 89),
(549, 25, 89),
(550, 26, 89),
(551, 27, 89),
(552, 28, 89),
(553, 29, 89),
(554, 30, 89),
(557, 33, 89),
(564, 7, 90),
(565, 8, 90),
(566, 9, 90),
(567, 10, 90),
(568, 11, 90),
(569, 12, 90),
(570, 13, 90),
(571, 14, 90),
(572, 15, 90),
(573, 16, 90),
(574, 17, 90),
(575, 18, 90),
(576, 19, 90),
(577, 20, 90),
(578, 21, 90),
(579, 22, 90),
(580, 23, 90),
(581, 24, 90),
(582, 25, 90),
(583, 26, 90),
(584, 27, 90),
(585, 28, 90),
(586, 29, 90),
(587, 30, 90),
(590, 33, 90),
(724, 7, 100),
(725, 8, 100),
(726, 9, 100),
(727, 10, 100),
(728, 11, 100),
(729, 12, 100),
(730, 13, 100),
(731, 14, 100),
(732, 15, 100),
(733, 16, 100),
(734, 17, 100),
(735, 18, 100),
(736, 19, 100),
(737, 20, 100),
(738, 21, 100),
(739, 22, 100),
(740, 23, 100),
(741, 24, 100),
(742, 25, 100),
(743, 26, 100),
(744, 27, 100),
(745, 28, 100),
(746, 29, 100),
(747, 30, 100),
(748, 31, 100),
(749, 32, 100),
(750, 33, 100),
(751, 34, 100),
(752, 35, 100),
(753, 36, 100),
(754, 37, 100),
(755, 38, 100),
(756, 39, 100),
(757, 40, 100),
(758, 41, 100),
(759, 42, 100),
(760, 43, 100),
(761, 44, 100),
(762, 45, 100),
(763, 46, 100),
(764, 47, 100),
(765, 48, 100),
(766, 49, 100),
(767, 50, 100),
(768, 51, 100),
(769, 52, 100),
(770, 53, 100),
(771, 54, 100),
(772, 55, 100),
(773, 56, 100),
(774, 57, 100),
(775, 58, 100),
(776, 59, 100),
(777, 60, 100),
(778, 61, 100),
(779, 62, 100),
(780, 63, 100),
(781, 64, 100),
(782, 65, 100),
(783, 66, 100),
(784, 67, 100),
(785, 68, 100),
(786, 69, 100),
(787, 70, 100),
(788, 71, 100),
(789, 72, 100),
(790, 73, 100),
(791, 74, 100),
(792, 75, 100),
(793, 76, 100),
(794, 77, 100),
(795, 78, 100),
(796, 79, 100),
(797, 80, 100),
(798, 81, 100),
(799, 82, 100),
(800, 83, 100),
(801, 84, 100),
(802, 85, 100),
(803, 86, 100),
(804, 87, 100),
(805, 88, 100),
(806, 89, 100),
(807, 90, 100),
(808, 91, 100),
(809, 92, 100),
(810, 93, 100),
(811, 94, 100),
(812, 95, 100),
(813, 96, 100),
(814, 97, 100),
(815, 98, 100),
(816, 99, 100),
(817, 100, 100),
(818, 101, 100),
(819, 102, 100),
(820, 103, 100),
(821, 104, 100),
(822, 105, 100),
(823, 106, 100),
(824, 107, 100),
(825, 108, 100),
(826, 109, 100),
(827, 110, 100),
(828, 111, 100),
(829, 112, 100),
(830, 113, 100),
(831, 114, 100),
(832, 115, 100),
(833, 116, 100),
(834, 117, 100),
(835, 118, 100),
(836, 119, 100),
(837, 120, 100),
(838, 121, 100),
(839, 122, 100),
(840, 123, 100),
(841, 124, 100),
(842, 125, 100),
(843, 126, 100),
(844, 127, 100),
(845, 128, 100),
(846, 129, 100),
(847, 130, 100),
(848, 131, 100),
(849, 132, 100),
(850, 133, 100),
(851, 134, 100),
(852, 135, 100),
(853, 136, 100),
(854, 137, 100),
(855, 138, 100),
(856, 139, 100),
(857, 140, 100),
(858, 141, 100),
(859, 142, 100),
(860, 143, 100),
(861, 144, 100),
(862, 145, 100),
(863, 146, 100),
(864, 147, 100),
(865, 148, 100),
(866, 149, 100),
(867, 150, 100),
(868, 151, 100),
(869, 152, 100),
(870, 153, 100),
(871, 154, 100),
(872, 155, 100),
(873, 156, 100),
(874, 157, 100),
(875, 158, 100),
(876, 159, 100),
(877, 160, 100),
(878, 161, 100),
(879, 162, 100),
(880, 163, 100),
(881, 164, 100),
(882, 165, 100),
(883, 166, 100),
(884, 167, 100),
(885, 168, 100),
(886, 169, 100),
(887, 170, 100),
(888, 171, 100),
(889, 172, 100),
(890, 173, 100),
(891, 174, 100),
(892, 175, 100),
(893, 176, 100),
(894, 177, 100),
(895, 178, 100),
(896, 179, 100),
(897, 180, 100),
(898, 181, 100),
(899, 182, 100),
(900, 183, 100),
(901, 184, 100),
(902, 185, 100),
(903, 186, 100),
(904, 187, 100),
(905, 188, 100),
(906, 189, 100),
(907, 190, 100),
(908, 191, 100),
(909, 192, 100),
(910, 193, 100),
(911, 194, 100),
(912, 195, 100),
(913, 196, 100),
(914, 197, 100),
(915, 198, 100),
(916, 199, 100),
(917, 200, 100),
(918, 201, 100),
(919, 202, 100),
(920, 203, 100),
(921, 204, 100),
(922, 205, 100),
(923, 206, 100),
(924, 207, 100),
(925, 208, 100),
(926, 209, 100),
(927, 210, 100),
(928, 211, 100),
(929, 212, 100),
(930, 213, 100),
(931, 214, 100),
(932, 215, 100),
(933, 216, 100),
(934, 217, 100),
(935, 218, 100),
(936, 219, 100),
(937, 220, 100),
(938, 221, 100),
(939, 222, 100),
(940, 223, 100),
(941, 224, 100),
(942, 225, 100),
(943, 226, 100),
(944, 227, 100),
(945, 228, 100),
(946, 229, 100),
(947, 230, 100),
(948, 231, 100),
(949, 232, 100),
(950, 233, 100),
(951, 234, 100),
(952, 235, 100),
(953, 236, 100),
(954, 237, 100),
(955, 238, 100),
(956, 239, 100),
(957, 240, 100),
(958, 241, 100),
(959, 242, 100),
(960, 243, 100),
(961, 244, 100),
(962, 245, 100),
(963, 246, 100),
(964, 247, 100),
(965, 248, 100),
(966, 249, 100),
(967, 250, 100),
(968, 251, 100),
(969, 252, 100),
(970, 253, 100),
(971, 254, 100),
(972, 255, 100),
(973, 256, 100),
(974, 257, 100),
(975, 258, 100),
(976, 259, 100),
(977, 260, 100),
(978, 261, 100),
(979, 262, 100),
(980, 263, 100),
(981, 264, 100),
(982, 265, 100),
(983, 266, 100),
(984, 267, 100),
(985, 268, 100),
(986, 269, 100),
(987, 270, 100),
(988, 271, 100),
(989, 272, 100),
(990, 273, 100),
(991, 274, 100),
(992, 275, 100),
(993, 276, 100),
(994, 277, 100),
(995, 278, 100),
(996, 279, 100),
(997, 280, 100),
(998, 281, 100),
(999, 282, 100),
(1000, 283, 100),
(1001, 284, 100),
(1002, 285, 100),
(1003, 286, 100),
(1004, 287, 100),
(1005, 288, 100),
(1006, 289, 100),
(1007, 290, 100),
(1008, 291, 100),
(1009, 292, 100),
(1010, 293, 100),
(1011, 294, 100),
(1012, 295, 100),
(1013, 296, 100),
(1020, 7, 101),
(1021, 8, 101),
(1022, 9, 101),
(1023, 10, 101),
(1024, 11, 101),
(1025, 12, 101),
(1026, 13, 101),
(1027, 14, 101),
(1028, 15, 101),
(1029, 16, 101),
(1030, 17, 101),
(1031, 18, 101),
(1032, 19, 101),
(1033, 20, 101),
(1034, 21, 101),
(1035, 22, 101),
(1036, 23, 101),
(1037, 24, 101),
(1038, 25, 101),
(1039, 26, 101),
(1040, 27, 101),
(1041, 28, 101),
(1042, 29, 101),
(1043, 30, 101),
(1044, 31, 101),
(1045, 32, 101),
(1046, 33, 101),
(1047, 34, 101),
(1048, 35, 101),
(1049, 36, 101),
(1050, 37, 101),
(1051, 38, 101),
(1052, 39, 101),
(1053, 40, 101),
(1054, 41, 101),
(1055, 42, 101),
(1056, 43, 101),
(1057, 44, 101),
(1058, 45, 101),
(1059, 46, 101),
(1060, 47, 101),
(1061, 48, 101),
(1062, 49, 101),
(1063, 50, 101),
(1064, 51, 101),
(1065, 52, 101),
(1066, 53, 101),
(1067, 54, 101),
(1068, 55, 101),
(1069, 56, 101),
(1070, 57, 101),
(1071, 58, 101),
(1072, 59, 101),
(1073, 60, 101),
(1074, 61, 101),
(1075, 62, 101),
(1076, 63, 101),
(1077, 64, 101),
(1078, 65, 101),
(1079, 66, 101),
(1080, 67, 101),
(1081, 68, 101),
(1082, 69, 101),
(1083, 70, 101),
(1084, 71, 101),
(1085, 72, 101),
(1086, 73, 101),
(1087, 74, 101),
(1088, 75, 101),
(1089, 76, 101),
(1090, 77, 101),
(1091, 78, 101),
(1092, 79, 101),
(1093, 80, 101),
(1094, 81, 101),
(1095, 82, 101),
(1096, 83, 101),
(1097, 84, 101),
(1098, 85, 101),
(1099, 86, 101),
(1100, 87, 101),
(1101, 88, 101),
(1102, 89, 101),
(1103, 90, 101),
(1104, 91, 101),
(1105, 92, 101),
(1106, 93, 101),
(1107, 94, 101),
(1108, 95, 101),
(1109, 96, 101),
(1110, 97, 101),
(1111, 98, 101),
(1112, 99, 101),
(1113, 100, 101),
(1114, 101, 101),
(1115, 102, 101),
(1116, 103, 101),
(1117, 104, 101),
(1118, 105, 101),
(1119, 106, 101),
(1120, 107, 101),
(1121, 108, 101),
(1122, 109, 101),
(1123, 110, 101),
(1124, 111, 101),
(1125, 112, 101),
(1126, 113, 101),
(1127, 114, 101),
(1128, 115, 101),
(1129, 116, 101),
(1130, 117, 101),
(1131, 118, 101),
(1132, 119, 101),
(1133, 120, 101),
(1134, 121, 101),
(1135, 122, 101),
(1136, 123, 101),
(1137, 124, 101),
(1138, 125, 101),
(1139, 126, 101),
(1140, 127, 101),
(1141, 128, 101),
(1142, 129, 101),
(1143, 130, 101),
(1144, 131, 101),
(1145, 132, 101),
(1146, 133, 101),
(1147, 134, 101),
(1148, 135, 101),
(1149, 136, 101),
(1150, 137, 101),
(1151, 138, 101),
(1152, 139, 101),
(1153, 140, 101),
(1154, 141, 101),
(1155, 142, 101),
(1156, 143, 101),
(1157, 144, 101),
(1158, 145, 101),
(1159, 146, 101),
(1160, 147, 101),
(1161, 148, 101),
(1162, 149, 101),
(1163, 150, 101),
(1164, 151, 101),
(1165, 152, 101),
(1166, 153, 101),
(1167, 154, 101),
(1168, 155, 101),
(1169, 156, 101),
(1170, 157, 101),
(1171, 158, 101),
(1172, 159, 101),
(1173, 160, 101),
(1174, 161, 101),
(1175, 162, 101),
(1176, 163, 101),
(1177, 164, 101),
(1178, 165, 101),
(1179, 166, 101),
(1180, 167, 101),
(1181, 168, 101),
(1182, 169, 101),
(1183, 170, 101),
(1184, 171, 101),
(1185, 172, 101),
(1186, 173, 101),
(1187, 174, 101),
(1188, 175, 101),
(1189, 176, 101),
(1190, 177, 101),
(1191, 178, 101),
(1192, 179, 101),
(1193, 180, 101),
(1194, 181, 101),
(1195, 182, 101),
(1196, 183, 101),
(1197, 184, 101),
(1198, 185, 101),
(1199, 186, 101),
(1200, 187, 101),
(1201, 188, 101),
(1202, 189, 101),
(1203, 190, 101),
(1204, 191, 101),
(1205, 192, 101),
(1206, 193, 101),
(1207, 194, 101),
(1208, 195, 101),
(1209, 196, 101),
(1210, 197, 101),
(1211, 198, 101),
(1212, 199, 101),
(1213, 200, 101),
(1214, 201, 101),
(1215, 202, 101),
(1216, 203, 101),
(1217, 204, 101),
(1218, 205, 101),
(1219, 206, 101),
(1220, 207, 101),
(1221, 208, 101),
(1222, 209, 101),
(1223, 210, 101),
(1224, 211, 101),
(1225, 212, 101),
(1226, 213, 101),
(1227, 214, 101),
(1228, 215, 101),
(1229, 216, 101),
(1230, 217, 101),
(1231, 218, 101),
(1232, 219, 101),
(1233, 220, 101),
(1234, 221, 101),
(1235, 222, 101),
(1236, 223, 101),
(1237, 224, 101),
(1238, 225, 101),
(1239, 226, 101),
(1240, 227, 101),
(1241, 228, 101),
(1242, 229, 101),
(1243, 230, 101),
(1244, 231, 101),
(1245, 232, 101),
(1246, 233, 101),
(1247, 234, 101),
(1248, 235, 101),
(1249, 236, 101),
(1250, 237, 101),
(1251, 238, 101),
(1252, 239, 101),
(1253, 240, 101),
(1254, 241, 101),
(1255, 242, 101),
(1256, 243, 101),
(1257, 244, 101),
(1258, 245, 101),
(1259, 246, 101),
(1260, 247, 101),
(1261, 248, 101),
(1262, 249, 101),
(1263, 250, 101),
(1264, 251, 101),
(1265, 252, 101),
(1266, 253, 101),
(1267, 254, 101),
(1268, 255, 101),
(1269, 256, 101),
(1270, 257, 101),
(1271, 258, 101),
(1272, 259, 101),
(1273, 260, 101),
(1274, 261, 101),
(1275, 262, 101),
(1276, 263, 101),
(1277, 264, 101),
(1278, 265, 101),
(1279, 266, 101),
(1280, 267, 101),
(1281, 268, 101),
(1282, 269, 101),
(1283, 270, 101),
(1284, 271, 101),
(1285, 272, 101),
(1286, 273, 101),
(1287, 274, 101),
(1288, 275, 101),
(1289, 276, 101),
(1290, 277, 101),
(1291, 278, 101),
(1292, 279, 101),
(1293, 280, 101),
(1294, 281, 101),
(1295, 282, 101),
(1296, 283, 101),
(1297, 284, 101),
(1298, 285, 101),
(1299, 286, 101),
(1300, 287, 101),
(1301, 288, 101),
(1302, 289, 101),
(1303, 290, 101),
(1304, 291, 101),
(1305, 292, 101),
(1306, 293, 101),
(1307, 294, 101),
(1308, 295, 101),
(1309, 296, 101),
(1455, 34, 159),
(1456, 36, 159),
(1457, 37, 159),
(1458, 38, 159),
(1459, 39, 159),
(1461, 41, 159),
(1462, 42, 159),
(1463, 43, 159),
(1464, 44, 159),
(1465, 47, 159),
(1466, 49, 159),
(1467, 50, 159),
(1468, 51, 159),
(1469, 52, 159),
(1471, 54, 159),
(1472, 55, 159),
(1473, 56, 159),
(1474, 57, 159),
(1475, 60, 159),
(1476, 62, 159),
(1477, 63, 159),
(1478, 64, 159),
(1479, 65, 159),
(1481, 67, 159),
(1482, 68, 159),
(1483, 69, 159),
(1484, 70, 159),
(1485, 73, 159),
(1486, 75, 159),
(1487, 76, 159),
(1488, 77, 159),
(1489, 78, 159),
(1491, 80, 159),
(1492, 81, 159),
(1493, 82, 159),
(1494, 83, 159),
(1495, 86, 159),
(1496, 88, 159),
(1497, 89, 159),
(1498, 90, 159),
(1499, 91, 159),
(1501, 93, 159),
(1502, 94, 159),
(1503, 95, 159),
(1504, 96, 159),
(1505, 99, 159),
(1506, 101, 159),
(1507, 102, 159),
(1508, 103, 159),
(1509, 104, 159),
(1511, 106, 159),
(1512, 107, 159),
(1513, 108, 159),
(1514, 109, 159),
(1515, 112, 159),
(1516, 114, 159),
(1517, 115, 159),
(1518, 116, 159),
(1519, 117, 159),
(1521, 119, 159),
(1522, 120, 159),
(1523, 121, 159),
(1524, 122, 159),
(1525, 125, 159),
(1526, 127, 159),
(1527, 128, 159),
(1528, 129, 159),
(1529, 130, 159),
(1531, 132, 159),
(1532, 133, 159),
(1533, 134, 159),
(1534, 135, 159),
(1535, 138, 159),
(1536, 140, 159),
(1537, 141, 159),
(1538, 142, 159),
(1539, 143, 159),
(1541, 145, 159),
(1542, 146, 159),
(1543, 147, 159),
(1544, 148, 159),
(1545, 151, 159),
(1546, 153, 159),
(1547, 154, 159),
(1548, 155, 159),
(1549, 156, 159),
(1551, 158, 159),
(1552, 159, 159),
(1553, 160, 159),
(1554, 161, 159),
(1555, 164, 159),
(1556, 166, 159),
(1557, 167, 159),
(1558, 168, 159),
(1559, 169, 159),
(1561, 171, 159),
(1562, 172, 159),
(1563, 173, 159),
(1564, 174, 159),
(1565, 177, 159),
(1566, 179, 159),
(1567, 180, 159),
(1568, 181, 159),
(1569, 182, 159),
(1571, 184, 159),
(1572, 185, 159),
(1573, 186, 159),
(1574, 187, 159),
(1575, 190, 159),
(1576, 192, 159),
(1577, 193, 159),
(1578, 194, 159),
(1579, 195, 159),
(1581, 197, 159),
(1582, 198, 159),
(1583, 199, 159),
(1584, 200, 159),
(1585, 203, 159),
(1586, 205, 159),
(1587, 206, 159),
(1588, 207, 159),
(1589, 208, 159),
(1591, 210, 159),
(1592, 211, 159),
(1593, 212, 159),
(1594, 213, 159),
(1595, 216, 159),
(1596, 218, 159),
(1597, 219, 159),
(1598, 220, 159),
(1599, 221, 159),
(1601, 223, 159),
(1602, 224, 159),
(1603, 225, 159),
(1604, 226, 159),
(1925, 37, 169),
(1931, 50, 169),
(1937, 63, 169),
(1943, 76, 169),
(1949, 89, 169),
(1955, 102, 169),
(1961, 115, 169),
(1967, 128, 169),
(1973, 141, 169),
(1979, 154, 169),
(1985, 167, 169),
(1991, 180, 169),
(1997, 193, 169),
(2003, 206, 169),
(2009, 219, 169),
(2014, 16, 170),
(2015, 17, 170),
(2016, 18, 170),
(2017, 19, 170),
(2018, 20, 170),
(2019, 21, 170),
(2020, 22, 170),
(2021, 229, 170),
(2022, 231, 170),
(2023, 295, 170),
(2024, 296, 170),
(2025, 34, 170),
(2026, 38, 170),
(2027, 41, 170),
(2028, 42, 170),
(2029, 43, 170),
(2030, 47, 170),
(2031, 51, 170),
(2032, 54, 170),
(2033, 55, 170),
(2034, 56, 170),
(2035, 60, 170),
(2036, 64, 170),
(2037, 67, 170),
(2038, 68, 170),
(2039, 69, 170),
(2040, 73, 170),
(2041, 77, 170),
(2042, 80, 170),
(2043, 81, 170),
(2044, 82, 170),
(2045, 86, 170),
(2046, 90, 170),
(2047, 93, 170),
(2048, 94, 170),
(2049, 95, 170),
(2050, 99, 170),
(2051, 103, 170),
(2052, 106, 170),
(2053, 107, 170),
(2054, 108, 170),
(2055, 112, 170),
(2056, 116, 170),
(2057, 119, 170),
(2058, 120, 170),
(2059, 121, 170),
(2060, 125, 170),
(2061, 129, 170),
(2062, 132, 170),
(2063, 133, 170),
(2064, 134, 170),
(2065, 138, 170),
(2066, 142, 170),
(2067, 145, 170),
(2068, 146, 170),
(2069, 147, 170),
(2070, 151, 170),
(2071, 155, 170),
(2072, 158, 170),
(2073, 159, 170),
(2074, 160, 170),
(2075, 164, 170),
(2076, 168, 170),
(2077, 171, 170),
(2078, 172, 170),
(2079, 173, 170),
(2080, 177, 170),
(2081, 181, 170),
(2082, 184, 170),
(2083, 185, 170),
(2084, 186, 170),
(2085, 190, 170),
(2086, 194, 170),
(2087, 197, 170),
(2088, 198, 170),
(2089, 199, 170),
(2090, 203, 170),
(2091, 207, 170),
(2092, 210, 170),
(2093, 211, 170),
(2094, 212, 170),
(2095, 216, 170),
(2096, 220, 170),
(2097, 223, 170),
(2098, 224, 170),
(2099, 225, 170),
(2124, 34, 175),
(2125, 35, 175),
(2126, 36, 175),
(2127, 37, 175),
(2128, 38, 175),
(2129, 39, 175),
(2130, 40, 175),
(2131, 41, 175),
(2132, 42, 175),
(2133, 43, 175),
(2135, 45, 175),
(2136, 46, 175),
(2137, 47, 175),
(2138, 48, 175),
(2139, 49, 175),
(2140, 50, 175),
(2141, 51, 175),
(2142, 52, 175),
(2143, 53, 175),
(2144, 54, 175),
(2145, 55, 175),
(2146, 56, 175),
(2148, 58, 175),
(2149, 59, 175),
(2150, 60, 175),
(2151, 61, 175),
(2152, 62, 175),
(2153, 63, 175),
(2154, 64, 175),
(2155, 65, 175),
(2156, 66, 175),
(2157, 67, 175),
(2158, 68, 175),
(2159, 69, 175),
(2161, 71, 175),
(2162, 72, 175),
(2163, 73, 175),
(2164, 74, 175),
(2165, 75, 175),
(2166, 76, 175),
(2167, 77, 175),
(2168, 78, 175),
(2169, 79, 175),
(2170, 80, 175),
(2171, 81, 175),
(2172, 82, 175),
(2174, 84, 175),
(2175, 85, 175),
(2176, 86, 175),
(2177, 87, 175),
(2178, 88, 175),
(2179, 89, 175),
(2180, 90, 175),
(2181, 91, 175),
(2182, 92, 175),
(2183, 93, 175),
(2184, 94, 175),
(2185, 95, 175),
(2187, 97, 175),
(2188, 98, 175),
(2189, 99, 175),
(2190, 100, 175),
(2191, 101, 175),
(2192, 102, 175),
(2193, 103, 175),
(2194, 104, 175),
(2195, 105, 175),
(2196, 106, 175),
(2197, 107, 175),
(2198, 108, 175),
(2200, 110, 175),
(2201, 111, 175),
(2202, 112, 175),
(2203, 113, 175),
(2204, 114, 175),
(2205, 115, 175),
(2206, 116, 175),
(2207, 117, 175),
(2208, 118, 175),
(2209, 119, 175),
(2210, 120, 175),
(2211, 121, 175),
(2213, 123, 175),
(2214, 124, 175),
(2215, 125, 175),
(2216, 126, 175),
(2217, 127, 175),
(2218, 128, 175),
(2219, 129, 175),
(2220, 130, 175),
(2221, 131, 175),
(2222, 132, 175),
(2223, 133, 175),
(2224, 134, 175),
(2226, 136, 175),
(2227, 137, 175),
(2228, 138, 175),
(2229, 139, 175),
(2230, 140, 175),
(2231, 141, 175),
(2232, 142, 175),
(2233, 143, 175),
(2234, 144, 175),
(2235, 145, 175),
(2236, 146, 175),
(2237, 147, 175),
(2239, 149, 175),
(2240, 150, 175),
(2241, 151, 175),
(2242, 152, 175),
(2243, 153, 175),
(2244, 154, 175),
(2245, 155, 175),
(2246, 156, 175),
(2247, 157, 175),
(2248, 158, 175),
(2249, 159, 175),
(2250, 160, 175),
(2252, 162, 175),
(2253, 163, 175),
(2254, 164, 175),
(2255, 165, 175),
(2256, 166, 175),
(2257, 167, 175),
(2258, 168, 175),
(2259, 169, 175),
(2260, 170, 175),
(2261, 171, 175),
(2262, 172, 175),
(2263, 173, 175),
(2265, 175, 175),
(2266, 176, 175),
(2267, 177, 175),
(2268, 178, 175),
(2269, 179, 175),
(2270, 180, 175),
(2271, 181, 175),
(2272, 182, 175),
(2273, 183, 175),
(2274, 184, 175),
(2275, 185, 175),
(2276, 186, 175),
(2278, 188, 175),
(2279, 189, 175),
(2280, 190, 175),
(2281, 191, 175),
(2282, 192, 175),
(2283, 193, 175),
(2284, 194, 175),
(2285, 195, 175),
(2286, 196, 175),
(2287, 197, 175),
(2288, 198, 175),
(2289, 199, 175),
(2291, 201, 175),
(2292, 202, 175),
(2293, 203, 175),
(2294, 204, 175),
(2295, 205, 175),
(2296, 206, 175),
(2297, 207, 175),
(2298, 208, 175),
(2299, 209, 175),
(2300, 210, 175),
(2301, 211, 175),
(2302, 212, 175),
(2304, 214, 175),
(2305, 215, 175),
(2306, 216, 175),
(2307, 217, 175),
(2308, 218, 175),
(2309, 219, 175),
(2310, 220, 175),
(2311, 221, 175),
(2312, 222, 175),
(2313, 223, 175),
(2314, 224, 175),
(2315, 225, 175),
(2317, 227, 175),
(2318, 228, 175),
(2319, 229, 175),
(2320, 230, 175),
(2322, 295, 175);

-- --------------------------------------------------------

--
-- Table structure for table `receive_dg`
--

DROP TABLE IF EXISTS `receive_dg`;
CREATE TABLE IF NOT EXISTS `receive_dg` (
  `receiveDGID` int(11) NOT NULL AUTO_INCREMENT,
  `distributionGroup` int(11) NOT NULL,
  `position` int(11) NOT NULL,
  PRIMARY KEY (`receiveDGID`),
  UNIQUE KEY `distributionGroup` (`distributionGroup`,`position`),
  KEY `position` (`position`)
) ENGINE=MyISAM  DEFAULT CHARSET=latin1 AUTO_INCREMENT=623 ;

--
-- Dumping data for table `receive_dg`
--

INSERT INTO `receive_dg` VALUES
(1, 1, 1),
(2, 1, 2),
(3, 1, 3),
(4, 1, 4),
(5, 1, 5),
(6, 1, 6),
(7, 1, 7),
(8, 1, 8),
(9, 1, 9),
(10, 1, 10),
(11, 1, 11),
(12, 1, 12),
(13, 1, 13),
(14, 1, 14),
(15, 1, 15),
(16, 1, 16),
(17, 1, 17),
(18, 1, 18),
(19, 1, 19),
(20, 1, 20),
(21, 1, 21),
(22, 1, 22),
(23, 1, 23),
(24, 1, 24),
(25, 1, 25),
(26, 1, 26),
(27, 1, 27),
(28, 1, 28),
(29, 1, 29),
(30, 1, 30),
(31, 1, 31),
(32, 1, 32),
(33, 1, 33),
(34, 2, 34),
(35, 2, 47),
(36, 2, 60),
(37, 2, 73),
(38, 2, 86),
(39, 2, 99),
(40, 2, 112),
(41, 2, 125),
(42, 2, 138),
(43, 2, 151),
(44, 2, 164),
(45, 2, 177),
(46, 2, 190),
(47, 2, 203),
(48, 2, 216),
(49, 3, 37),
(50, 3, 50),
(51, 3, 63),
(52, 3, 76),
(53, 3, 89),
(54, 3, 102),
(55, 3, 115),
(56, 3, 128),
(57, 3, 141),
(58, 3, 154),
(59, 3, 167),
(60, 3, 180),
(61, 3, 193),
(62, 3, 206),
(63, 3, 219),
(64, 4, 38),
(65, 4, 51),
(66, 4, 64),
(67, 4, 77),
(68, 4, 90),
(69, 4, 103),
(70, 4, 116),
(71, 4, 129),
(72, 4, 142),
(73, 4, 155),
(74, 4, 168),
(75, 4, 181),
(76, 4, 194),
(77, 4, 207),
(78, 4, 220),
(79, 5, 41),
(80, 5, 54),
(81, 5, 67),
(82, 5, 80),
(83, 5, 93),
(84, 5, 106),
(85, 5, 119),
(86, 5, 132),
(87, 5, 145),
(88, 5, 158),
(89, 5, 171),
(90, 5, 184),
(91, 5, 197),
(92, 5, 210),
(93, 5, 223),
(94, 6, 42),
(95, 6, 55),
(96, 6, 68),
(97, 6, 81),
(98, 6, 94),
(99, 6, 107),
(100, 6, 120),
(101, 6, 133),
(102, 6, 146),
(103, 6, 159),
(104, 6, 172),
(105, 6, 185),
(106, 6, 198),
(107, 6, 211),
(108, 6, 224),
(109, 7, 43),
(110, 7, 56),
(111, 7, 69),
(112, 7, 82),
(113, 7, 95),
(114, 7, 108),
(115, 7, 121),
(116, 7, 134),
(117, 7, 147),
(118, 7, 160),
(119, 7, 173),
(120, 7, 186),
(121, 7, 199),
(122, 7, 212),
(123, 7, 225),
(124, 8, 36),
(125, 8, 49),
(126, 8, 62),
(127, 8, 75),
(128, 8, 88),
(129, 8, 101),
(130, 8, 114),
(131, 8, 127),
(132, 8, 140),
(133, 8, 153),
(134, 8, 166),
(135, 8, 179),
(136, 8, 192),
(137, 8, 205),
(138, 8, 218),
(139, 8, 230),
(140, 9, 229),
(141, 9, 230),
(142, 9, 231),
(143, 9, 232),
(144, 9, 295),
(145, 9, 296),
(146, 10, 34),
(147, 10, 35),
(148, 10, 36),
(149, 10, 37),
(150, 10, 38),
(151, 10, 39),
(152, 10, 40),
(153, 10, 41),
(154, 10, 42),
(155, 10, 43),
(156, 10, 44),
(157, 10, 45),
(158, 10, 46),
(159, 10, 47),
(160, 10, 48),
(161, 10, 49),
(162, 10, 50),
(163, 10, 51),
(164, 10, 52),
(165, 10, 53),
(166, 10, 54),
(167, 10, 55),
(168, 10, 56),
(169, 10, 57),
(170, 10, 58),
(171, 10, 59),
(172, 10, 60),
(173, 10, 61),
(174, 10, 62),
(175, 10, 63),
(176, 10, 64),
(177, 10, 65),
(178, 10, 66),
(179, 10, 67),
(180, 10, 68),
(181, 10, 69),
(182, 10, 70),
(183, 10, 71),
(184, 10, 72),
(185, 10, 73),
(186, 10, 74),
(187, 10, 75),
(188, 10, 76),
(189, 10, 77),
(190, 10, 78),
(191, 10, 79),
(192, 10, 80),
(193, 10, 81),
(194, 10, 82),
(195, 10, 83),
(196, 10, 84),
(197, 10, 85),
(198, 10, 86),
(199, 10, 87),
(200, 10, 88),
(201, 10, 89),
(202, 10, 90),
(203, 10, 91),
(204, 10, 92),
(205, 10, 93),
(206, 10, 94),
(207, 10, 95),
(208, 10, 96),
(209, 10, 97),
(210, 10, 98),
(211, 10, 99),
(212, 10, 100),
(213, 10, 101),
(214, 10, 102),
(215, 10, 103),
(216, 10, 104),
(217, 10, 105),
(218, 10, 106),
(219, 10, 107),
(220, 10, 108),
(221, 10, 109),
(222, 10, 110),
(223, 10, 111),
(224, 10, 112),
(225, 10, 113),
(226, 10, 114),
(227, 10, 115),
(228, 10, 116),
(229, 10, 117),
(230, 10, 118),
(231, 10, 119),
(232, 10, 120),
(233, 10, 121),
(234, 10, 122),
(235, 10, 123),
(236, 10, 124),
(237, 10, 125),
(238, 10, 126),
(239, 10, 127),
(240, 10, 128),
(241, 10, 129),
(242, 10, 130),
(243, 10, 131),
(244, 10, 132),
(245, 10, 133),
(246, 10, 134),
(247, 10, 135),
(248, 10, 136),
(249, 10, 137),
(250, 10, 138),
(251, 10, 139),
(252, 10, 140),
(253, 10, 141),
(254, 10, 142),
(255, 10, 143),
(256, 10, 144),
(257, 10, 145),
(258, 10, 146),
(259, 10, 147),
(260, 10, 148),
(261, 10, 149),
(262, 10, 150),
(263, 10, 151),
(264, 10, 152),
(265, 10, 153),
(266, 10, 154),
(267, 10, 155),
(268, 10, 156),
(269, 10, 157),
(270, 10, 158),
(271, 10, 159),
(272, 10, 160),
(273, 10, 161),
(274, 10, 162),
(275, 10, 163),
(276, 10, 164),
(277, 10, 165),
(278, 10, 166),
(279, 10, 167),
(280, 10, 168),
(281, 10, 169),
(282, 10, 170),
(283, 10, 171),
(284, 10, 172),
(285, 10, 173),
(286, 10, 174),
(287, 10, 175),
(288, 10, 176),
(289, 10, 177),
(290, 10, 178),
(291, 10, 179),
(292, 10, 180),
(293, 10, 181),
(294, 10, 182),
(295, 10, 183),
(296, 10, 184),
(297, 10, 185),
(298, 10, 186),
(299, 10, 187),
(300, 10, 188),
(301, 10, 189),
(302, 10, 190),
(303, 10, 191),
(304, 10, 192),
(305, 10, 193),
(306, 10, 194),
(307, 10, 195),
(308, 10, 196),
(309, 10, 197),
(310, 10, 198),
(311, 10, 199),
(312, 10, 200),
(313, 10, 201),
(314, 10, 202),
(315, 10, 203),
(316, 10, 204),
(317, 10, 205),
(318, 10, 206),
(319, 10, 207),
(320, 10, 208),
(321, 10, 209),
(322, 10, 210),
(323, 10, 211),
(324, 10, 212),
(325, 10, 213),
(326, 10, 214),
(327, 10, 215),
(328, 10, 216),
(329, 10, 217),
(330, 10, 218),
(331, 10, 219),
(332, 10, 220),
(333, 10, 221),
(334, 10, 222),
(335, 10, 223),
(336, 10, 224),
(337, 10, 225),
(338, 10, 226),
(339, 10, 227),
(340, 10, 228),
(341, 10, 229),
(342, 10, 230),
(343, 10, 231),
(344, 10, 232),
(345, 10, 233),
(346, 10, 234),
(347, 10, 235),
(348, 10, 236),
(349, 10, 237),
(350, 10, 238),
(351, 10, 239),
(352, 10, 240),
(353, 10, 241),
(354, 10, 242),
(355, 10, 243),
(356, 10, 244),
(357, 10, 245),
(358, 10, 246),
(359, 10, 247),
(360, 10, 248),
(361, 10, 249),
(362, 10, 250),
(363, 10, 251),
(364, 10, 252),
(365, 10, 253),
(366, 10, 254),
(367, 10, 255),
(368, 10, 256),
(369, 10, 257),
(370, 10, 258),
(371, 10, 259),
(372, 10, 260),
(373, 10, 261),
(374, 10, 262),
(375, 10, 263),
(376, 10, 264),
(377, 10, 265),
(378, 10, 266),
(379, 10, 267),
(380, 10, 268),
(381, 10, 269),
(382, 10, 270),
(383, 10, 271),
(384, 10, 272),
(385, 10, 273),
(386, 10, 274),
(387, 10, 275),
(388, 10, 276),
(389, 10, 277),
(390, 10, 278),
(391, 10, 279),
(392, 10, 280),
(393, 10, 281),
(394, 10, 282),
(395, 10, 283),
(396, 10, 284),
(397, 10, 285),
(398, 10, 286),
(399, 10, 287),
(400, 10, 288),
(401, 10, 289),
(402, 10, 290),
(403, 10, 291),
(404, 10, 292),
(405, 10, 293),
(406, 10, 294),
(407, 10, 295),
(408, 10, 296),
(409, 11, 34),
(410, 11, 35),
(411, 11, 36),
(412, 11, 37),
(413, 11, 38),
(414, 11, 39),
(415, 11, 40),
(416, 11, 41),
(417, 11, 42),
(418, 11, 43),
(419, 11, 44),
(420, 11, 45),
(421, 11, 46),
(422, 12, 47),
(423, 12, 48),
(424, 12, 49),
(425, 12, 50),
(426, 12, 51),
(427, 12, 52),
(428, 12, 53),
(429, 12, 54),
(430, 12, 55),
(431, 12, 56),
(432, 12, 57),
(433, 12, 58),
(434, 12, 59),
(435, 13, 60),
(436, 13, 61),
(437, 13, 62),
(438, 13, 63),
(439, 13, 64),
(440, 13, 65),
(441, 13, 66),
(442, 13, 67),
(443, 13, 68),
(444, 13, 69),
(445, 13, 70),
(446, 13, 71),
(447, 13, 72),
(448, 14, 203),
(449, 14, 204),
(450, 14, 205),
(451, 14, 206),
(452, 14, 207),
(453, 14, 208),
(454, 14, 209),
(455, 14, 210),
(456, 14, 211),
(457, 14, 212),
(458, 14, 213),
(459, 14, 214),
(460, 14, 215),
(461, 15, 190),
(462, 15, 191),
(463, 15, 192),
(464, 15, 193),
(465, 15, 194),
(466, 15, 195),
(467, 15, 196),
(468, 15, 197),
(469, 15, 198),
(470, 15, 199),
(471, 15, 200),
(472, 15, 201),
(473, 15, 202),
(474, 16, 73),
(475, 16, 74),
(476, 16, 75),
(477, 16, 76),
(478, 16, 77),
(479, 16, 78),
(480, 16, 79),
(481, 16, 80),
(482, 16, 81),
(483, 16, 82),
(484, 16, 83),
(485, 16, 84),
(486, 16, 85),
(487, 17, 86),
(488, 17, 87),
(489, 17, 88),
(490, 17, 89),
(491, 17, 90),
(492, 17, 91),
(493, 17, 92),
(494, 17, 93),
(495, 17, 94),
(496, 17, 95),
(497, 17, 96),
(498, 17, 97),
(499, 17, 98),
(500, 18, 138),
(501, 18, 139),
(502, 18, 140),
(503, 18, 141),
(504, 18, 142),
(505, 18, 143),
(506, 18, 144),
(507, 18, 145),
(508, 18, 146),
(509, 18, 147),
(510, 18, 148),
(511, 18, 149),
(512, 18, 150),
(513, 19, 99),
(514, 19, 100),
(515, 19, 101),
(516, 19, 102),
(517, 19, 103),
(518, 19, 104),
(519, 19, 105),
(520, 19, 106),
(521, 19, 107),
(522, 19, 108),
(523, 19, 109),
(524, 19, 110),
(525, 19, 111),
(526, 20, 112),
(527, 20, 113),
(528, 20, 114),
(529, 20, 115),
(530, 20, 116),
(531, 20, 117),
(532, 20, 118),
(533, 20, 119),
(534, 20, 120),
(535, 20, 121),
(536, 20, 122),
(537, 20, 123),
(538, 20, 124),
(539, 21, 151),
(540, 21, 152),
(541, 21, 153),
(542, 21, 154),
(543, 21, 155),
(544, 21, 156),
(545, 21, 157),
(546, 21, 158),
(547, 21, 159),
(548, 21, 160),
(549, 21, 161),
(550, 21, 162),
(551, 21, 163),
(552, 22, 125),
(553, 22, 126),
(554, 22, 127),
(555, 22, 128),
(556, 22, 129),
(557, 22, 130),
(558, 22, 131),
(559, 22, 132),
(560, 22, 133),
(561, 22, 134),
(562, 22, 135),
(563, 22, 136),
(564, 22, 137),
(565, 23, 177),
(566, 23, 178),
(567, 23, 179),
(568, 23, 180),
(569, 23, 181),
(570, 23, 182),
(571, 23, 183),
(572, 23, 184),
(573, 23, 185),
(574, 23, 186),
(575, 23, 187),
(576, 23, 188),
(577, 23, 189),
(578, 24, 164),
(579, 24, 165),
(580, 24, 166),
(581, 24, 167),
(582, 24, 168),
(583, 24, 169),
(584, 24, 170),
(585, 24, 171),
(586, 24, 172),
(587, 24, 173),
(588, 24, 174),
(589, 24, 175),
(590, 24, 176),
(591, 25, 233),
(592, 25, 234),
(593, 25, 235),
(594, 25, 236),
(595, 25, 237),
(596, 25, 238),
(597, 25, 239),
(598, 25, 240),
(599, 25, 241),
(600, 25, 242),
(601, 25, 243),
(602, 25, 244),
(603, 25, 245),
(604, 25, 246),
(605, 25, 247),
(606, 25, 248),
(607, 25, 249),
(608, 25, 250),
(609, 25, 251),
(610, 36, 239),
(611, 36, 240),
(612, 36, 241),
(613, 36, 242),
(614, 36, 243),
(615, 37, 244),
(616, 37, 245),
(617, 37, 246),
(618, 37, 247),
(619, 37, 248),
(620, 37, 249),
(621, 38, 247),
(622, 38, 249);

-- --------------------------------------------------------

--
-- Table structure for table `schools_departments`
--

DROP TABLE IF EXISTS `schools_departments`;
CREATE TABLE IF NOT EXISTS `schools_departments` (
  `schoolDepartmentID` int(11) NOT NULL AUTO_INCREMENT,
  `name` varchar(64) NOT NULL,
  `abbreviation` varchar(3) DEFAULT NULL,
  `division` int(11) NOT NULL,
  `emailDomain` varchar(64) NOT NULL,
  `phoneNumber` varchar(15) DEFAULT NULL,
  PRIMARY KEY (`schoolDepartmentID`),
  UNIQUE KEY `name` (`name`),
  UNIQUE KEY `abbreviation` (`abbreviation`),
  KEY `division` (`division`)
) ENGINE=MyISAM  DEFAULT CHARSET=latin1 AUTO_INCREMENT=45 ;

--
-- Dumping data for table `schools_departments`
--

INSERT INTO `schools_departments` VALUES
(1, 'Administration', NULL, 1, 'americanedgroup.com', '616-301-1221'),
(2, 'Coaching and Learning', NULL, 1, 'americanedgroup.com', '616-301-1221'),
(3, 'Human Resources', NULL, 1, 'americanedgroup.com', '616-301-1221'),
(4, 'Information Technology', NULL, 1, 'americanedgroup.com', '616-301-1221'),
(5, 'Finance', NULL, 1, 'americanedgroup.com', '616-301-1221'),
(6, 'Marketing', NULL, 1, 'americanedgroup.com', '616-301-1221'),
(7, 'New Business Development', NULL, 1, 'americanedgroup.com', '616-301-1221'),
(8, 'Procurement', NULL, 1, 'americanedgroup.com', '616-301-1221'),
(9, 'Fusion Huntington Beach', 'HB', 2, 'fusionacademy.com', '657-200-2300'),
(10, 'Fusion Los Angeles', 'LA', 2, 'fusionacademy.com', '310-445-2516'),
(11, 'Fusion Los Gatos', 'LG', 2, 'fusionacademy.com', '408-354-0802'),
(12, 'Fusion Mission Viejo', 'MV', 2, 'fusionacademy.com', '949-716-7384'),
(13, 'Fusion Pasadena', 'PA', 2, 'fusionacademy.com', '323-258-2012'),
(14, 'Fusion San Diego', 'SD', 2, 'fusionacademy.com', '866-670-9296'),
(15, 'Fusion San Francisco', 'SF', 2, 'fusionacademy.com', '415-765-9078'),
(16, 'Fusion San Mateo', 'SM', 2, 'fusionacademy.com', '650-312-8305'),
(17, 'Fusion South Bay', 'SB', 2, 'fusionacademy.com', '310-376-5139'),
(18, 'Fusion Solana Beach', 'SLB', 2, 'fusionacademy.com', '858-792-2300'),
(19, 'Fusion Walnut Creek', 'WCR', 2, 'fusionacademy.com', '925-296-0053'),
(20, 'Fusion Warner Center', 'WC', 2, 'fusionacademy.com', '818-712-9521'),
(21, 'Fusion Manhattan', 'MN', 2, 'fusionacademy.com', '646-290-5203'),
(22, 'Fusion Long Island', 'LI', 2, 'fusionacademy.com', '631-390-8366'),
(23, 'Fusion Westchester', 'WE', 2, 'fusionacademy.com', '866-622-7853'),
(24, 'Fusion Regional', 'REG', 2, 'fusionacademy.com', '626-616-2060'),
(25, 'Barnstable Academy', NULL, 3, 'barnstableacademy.com', '201-651-0200'),
(26, 'Shreiner Academy', NULL, 3, 'shreineracademy.com', '770-953-1340'),
(27, 'Tampa Day School', NULL, 3, 'tampadayschool.com', '813-269-2100'),
(28, 'Amesbury', NULL, 4, 'littlesprouts.com', '978-388-1299'),
(29, 'Andover', NULL, 4, 'littlesprouts.com', '978-691-1178'),
(30, 'Andover Industrial', NULL, 4, 'littlesprouts.com', '978-688-4270'),
(31, 'Brighton', NULL, 4, 'littlesprouts.com', '617-254-1283'),
(32, 'Dedham', NULL, 4, 'littlesprouts.com', '781-329-8603'),
(33, 'Haverhill', NULL, 4, 'littlesprouts.com', '978-269-0044'),
(34, 'Haverhill NECC', NULL, 4, 'littlesprouts.com', '978-374-7260'),
(35, 'Lawrence', NULL, 4, 'littlesprouts.com', '978-291-0342'),
(36, 'Lowell', NULL, 4, 'littlesprouts.com', '978-453-6614'),
(37, 'Methuen', NULL, 4, 'littlesprouts.com', '978-683-1567'),
(38, 'North Andover', NULL, 4, 'littlesprouts.com', '978-208-4796'),
(39, 'Roxbury RCC', NULL, 4, 'littlesprouts.com', '617-933-7492'),
(40, 'Wilmington', NULL, 4, 'littlesprouts.com', '978-658-2680'),
(41, 'Woburn', NULL, 4, 'littlesprouts.com', '782-569-1410'),
(42, 'Boston', NULL, 4, 'littlesprouts.com', '877-977-7688'),
(43, 'Nashua', NULL, 4, 'littlesprouts.com', '877-977-7688'),
(44, 'Little Sprouts Corporate', NULL, 4, 'littlesprouts.com', '978-291-0256');

-- --------------------------------------------------------

--
-- Table structure for table `send_to_dg`
--

DROP TABLE IF EXISTS `send_to_dg`;
CREATE TABLE IF NOT EXISTS `send_to_dg` (
  `sendToDGID` int(11) NOT NULL AUTO_INCREMENT,
  `distributionGroup` int(11) NOT NULL,
  `position` int(11) NOT NULL,
  PRIMARY KEY (`sendToDGID`),
  UNIQUE KEY `distributionGroup` (`distributionGroup`,`position`),
  KEY `position` (`position`)
) ENGINE=MyISAM  DEFAULT CHARSET=latin1 AUTO_INCREMENT=377 ;

--
-- Dumping data for table `send_to_dg`
--

INSERT INTO `send_to_dg` VALUES
(1, 1, 1),
(2, 1, 2),
(3, 1, 3),
(4, 1, 4),
(5, 1, 5),
(6, 1, 6),
(7, 1, 7),
(8, 1, 8),
(9, 1, 9),
(10, 1, 10),
(11, 1, 11),
(12, 1, 12),
(13, 1, 13),
(14, 1, 14),
(15, 1, 15),
(16, 1, 16),
(17, 1, 17),
(18, 1, 18),
(19, 1, 19),
(20, 1, 20),
(21, 1, 21),
(22, 1, 22),
(23, 1, 23),
(24, 1, 24),
(25, 1, 25),
(26, 1, 26),
(27, 1, 27),
(28, 1, 28),
(29, 1, 29),
(30, 1, 30),
(31, 1, 31),
(32, 1, 32),
(33, 1, 33),
(34, 2, 34),
(35, 2, 47),
(36, 2, 60),
(37, 2, 73),
(38, 2, 86),
(39, 2, 99),
(40, 2, 112),
(41, 2, 125),
(42, 2, 138),
(43, 2, 151),
(44, 2, 164),
(45, 2, 177),
(46, 2, 190),
(47, 2, 203),
(48, 2, 216),
(49, 2, 296),
(50, 3, 37),
(51, 3, 50),
(52, 3, 63),
(53, 3, 76),
(54, 3, 89),
(55, 3, 102),
(56, 3, 115),
(57, 3, 128),
(58, 3, 141),
(59, 3, 154),
(60, 3, 167),
(61, 3, 180),
(62, 3, 193),
(63, 3, 206),
(64, 3, 219),
(65, 3, 296),
(66, 4, 38),
(67, 4, 51),
(68, 4, 64),
(69, 4, 77),
(70, 4, 90),
(71, 4, 103),
(72, 4, 116),
(73, 4, 129),
(74, 4, 142),
(75, 4, 155),
(76, 4, 168),
(77, 4, 181),
(78, 4, 194),
(79, 4, 207),
(80, 4, 220),
(81, 4, 296),
(82, 5, 231),
(83, 5, 296),
(84, 5, 41),
(85, 5, 54),
(86, 5, 67),
(87, 5, 80),
(88, 5, 93),
(89, 5, 106),
(90, 5, 119),
(91, 5, 132),
(92, 5, 145),
(93, 5, 158),
(94, 5, 171),
(95, 5, 184),
(96, 5, 197),
(97, 5, 210),
(98, 5, 223),
(99, 5, 40),
(100, 5, 53),
(101, 5, 66),
(102, 5, 79),
(103, 5, 92),
(104, 5, 105),
(105, 5, 118),
(106, 5, 131),
(107, 5, 144),
(108, 5, 157),
(109, 5, 170),
(110, 5, 183),
(111, 5, 196),
(112, 5, 209),
(113, 5, 222),
(114, 6, 42),
(115, 6, 55),
(116, 6, 68),
(117, 6, 81),
(118, 6, 94),
(119, 6, 107),
(120, 6, 120),
(121, 6, 133),
(122, 6, 146),
(123, 6, 159),
(124, 6, 172),
(125, 6, 185),
(126, 6, 198),
(127, 6, 211),
(128, 6, 224),
(129, 6, 296),
(130, 7, 43),
(131, 7, 56),
(132, 7, 69),
(133, 7, 82),
(134, 7, 95),
(135, 7, 108),
(136, 7, 121),
(137, 7, 134),
(138, 7, 147),
(139, 7, 160),
(140, 7, 173),
(141, 7, 186),
(142, 7, 199),
(143, 7, 212),
(144, 7, 225),
(145, 7, 296),
(146, 8, 231),
(147, 8, 296),
(148, 8, 40),
(149, 8, 53),
(150, 8, 66),
(151, 8, 79),
(152, 8, 92),
(153, 8, 105),
(154, 8, 118),
(155, 8, 131),
(156, 8, 144),
(157, 8, 157),
(158, 8, 170),
(159, 8, 183),
(160, 8, 196),
(161, 8, 209),
(162, 8, 222),
(163, 8, 36),
(164, 8, 49),
(165, 8, 62),
(166, 8, 75),
(167, 8, 88),
(168, 8, 101),
(169, 8, 114),
(170, 8, 127),
(171, 8, 140),
(172, 8, 153),
(173, 8, 166),
(174, 8, 179),
(175, 8, 192),
(176, 8, 205),
(177, 8, 218),
(178, 8, 230),
(179, 9, 231),
(180, 9, 296),
(181, 9, 40),
(182, 9, 53),
(183, 9, 66),
(184, 9, 79),
(185, 9, 92),
(186, 9, 105),
(187, 9, 118),
(188, 9, 131),
(189, 9, 144),
(190, 9, 157),
(191, 9, 170),
(192, 9, 183),
(193, 9, 196),
(194, 9, 209),
(195, 9, 222),
(196, 10, 1),
(197, 10, 2),
(198, 10, 3),
(199, 10, 4),
(200, 10, 5),
(201, 10, 6),
(202, 10, 7),
(203, 10, 8),
(204, 10, 9),
(205, 10, 11),
(206, 10, 12),
(207, 10, 14),
(208, 10, 16),
(209, 10, 17),
(210, 10, 23),
(211, 10, 24),
(212, 10, 32),
(213, 10, 33),
(214, 10, 296),
(215, 11, 34),
(216, 11, 35),
(217, 11, 37),
(218, 11, 38),
(219, 11, 39),
(220, 11, 40),
(221, 11, 41),
(222, 11, 42),
(223, 11, 43),
(224, 11, 44),
(225, 11, 45),
(226, 11, 46),
(227, 11, 229),
(228, 11, 230),
(229, 11, 231),
(230, 11, 232),
(231, 11, 295),
(232, 11, 296),
(233, 12, 47),
(234, 12, 48),
(235, 12, 50),
(236, 12, 51),
(237, 12, 52),
(238, 12, 53),
(239, 12, 54),
(240, 12, 55),
(241, 12, 56),
(242, 12, 57),
(243, 12, 58),
(244, 12, 59),
(245, 12, 229),
(246, 12, 230),
(247, 12, 231),
(248, 12, 232),
(249, 12, 295),
(250, 12, 296),
(251, 13, 60),
(252, 13, 61),
(253, 13, 63),
(254, 13, 64),
(255, 13, 65),
(256, 13, 66),
(257, 13, 67),
(258, 13, 68),
(259, 13, 69),
(260, 13, 70),
(261, 13, 71),
(262, 13, 72),
(263, 13, 229),
(264, 13, 230),
(265, 13, 231),
(266, 13, 232),
(267, 13, 295),
(268, 13, 296),
(269, 14, 203),
(270, 14, 204),
(271, 14, 206),
(272, 14, 207),
(273, 14, 208),
(274, 14, 209),
(275, 14, 210),
(276, 14, 211),
(277, 14, 212),
(278, 14, 213),
(279, 14, 214),
(280, 14, 215),
(281, 14, 229),
(282, 14, 230),
(283, 14, 231),
(284, 14, 232),
(285, 14, 295),
(286, 14, 296),
(287, 15, 190),
(288, 15, 191),
(289, 15, 193),
(290, 15, 194),
(291, 15, 195),
(292, 15, 196),
(293, 15, 197),
(294, 15, 198),
(295, 15, 199),
(296, 15, 200),
(297, 15, 201),
(298, 15, 202),
(299, 15, 229),
(300, 15, 230),
(301, 15, 231),
(302, 15, 232),
(303, 15, 295),
(304, 15, 296),
(305, 16, 73),
(306, 16, 74),
(307, 16, 76),
(308, 16, 77),
(309, 16, 78),
(310, 16, 79),
(311, 16, 80),
(312, 16, 81),
(313, 16, 82),
(314, 16, 83),
(315, 16, 84),
(316, 16, 85),
(317, 21, 229),
(318, 21, 230),
(319, 21, 231),
(320, 21, 232),
(321, 21, 295),
(322, 21, 296),
(323, 22, 125),
(324, 22, 126),
(325, 22, 128),
(326, 22, 129),
(327, 22, 130),
(328, 22, 131),
(329, 22, 132),
(330, 22, 133),
(331, 22, 134),
(332, 22, 135),
(333, 22, 136),
(334, 22, 137),
(335, 22, 229),
(336, 22, 230),
(337, 22, 231),
(338, 22, 232),
(339, 22, 295),
(340, 22, 296),
(341, 23, 177),
(342, 23, 178),
(343, 23, 180),
(344, 23, 181),
(345, 23, 182),
(346, 23, 183),
(347, 23, 184),
(348, 23, 185),
(349, 23, 186),
(350, 23, 187),
(351, 23, 188),
(352, 23, 189),
(353, 23, 229),
(354, 23, 230),
(355, 23, 231),
(356, 23, 232),
(357, 23, 295),
(358, 23, 296),
(359, 24, 164),
(360, 24, 165),
(361, 24, 167),
(362, 24, 168),
(363, 24, 169),
(364, 24, 170),
(365, 24, 171),
(366, 24, 172),
(367, 24, 173),
(368, 24, 174),
(369, 24, 175),
(370, 24, 176),
(371, 24, 229),
(372, 24, 230),
(373, 24, 231),
(374, 24, 232),
(375, 24, 295),
(376, 24, 296);

-- --------------------------------------------------------

--
-- Table structure for table `source_directories`
--

DROP TABLE IF EXISTS `source_directories`;
CREATE TABLE IF NOT EXISTS `source_directories` (
  `sourceDirectoryID` int(11) NOT NULL AUTO_INCREMENT,
  `name` varchar(128) NOT NULL,
  `parent` int(11) NOT NULL,
  PRIMARY KEY (`sourceDirectoryID`),
  UNIQUE KEY `name` (`name`,`parent`),
  KEY `parent` (`parent`)
) ENGINE=MyISAM  DEFAULT CHARSET=latin1 AUTO_INCREMENT=204 ;

--
-- Dumping data for table `source_directories`
--

INSERT INTO `source_directories` VALUES
(1, 'American Education Group', 1),
(2, 'AEG', 1),
(3, 'Schools', 1),
(4, 'Team Sites', 1),
(5, 'Administration', 2),
(6, 'Information Technology', 2),
(7, 'Marketing', 2),
(8, 'Human Resources', 2),
(9, 'Finance', 2),
(10, 'Coaching and Learning', 2),
(11, 'New Business Development', 2),
(12, 'Procurement', 2),
(13, 'Fusion Division', 3),
(14, 'Lexis', 3),
(15, 'Little Sprouts', 3),
(16, 'AEG R.O.C.K.S!', 4),
(17, 'NSO', 4),
(18, 'MPOPs', 4),
(19, 'EPIC! Portal', 4),
(20, '1:1 Digital Curriculum', 4),
(21, 'Private', 5),
(22, 'Public', 5),
(23, 'Private', 6),
(24, 'Public', 6),
(25, 'IT Planning', 6),
(26, 'Corporate Email Migration', 6),
(27, 'Test Marketing', 7),
(28, 'Private', 7),
(29, 'Public', 7),
(30, 'Task List', 7),
(31, 'Project Tasks', 7),
(32, 'Private', 8),
(33, 'Public', 8),
(34, 'New Hire Paperwork', 8),
(35, 'Benefits', 8),
(36, 'Observation', 8),
(37, 'Fusionology', 8),
(38, 'HR Resources', 8),
(39, 'Private', 9),
(40, 'Public', 9),
(41, 'Administrator', 9),
(42, 'Private', 11),
(43, 'Public', 11),
(44, 'Private', 12),
(45, 'Public', 12),
(46, 'Master Task List', 12),
(47, 'Master Calendar', 12),
(48, 'Huntington Beach', 13),
(49, 'Long Island', 13),
(50, 'Los Angeles', 13),
(51, 'Los Gatos', 13),
(52, 'Manhattan', 13),
(53, 'Mission Viejo', 13),
(54, 'Pasadena', 13),
(55, 'Regional', 13),
(56, 'San Francisco', 13),
(57, 'San Mateo', 13),
(58, 'Solana Beach', 13),
(59, 'South Bay', 13),
(60, 'Walnut Creek', 13),
(61, 'Warner Center', 13),
(62, 'Fusionology', 13),
(63, 'Discussion Board', 13),
(64, 'Outreach', 13),
(65, 'Accounting', 13),
(66, 'Leadership', 13),
(67, 'Registrar', 13),
(68, 'Curriculum', 13),
(69, 'Training', 13),
(70, 'Barnstable', 14),
(71, 'Shreiner', 14),
(72, 'Tampa Day', 14),
(73, 'Talking Heads', 14),
(74, 'Curriculum', 14),
(75, 'Scholarship', 14),
(76, 'Private', 15),
(77, 'Public', 15),
(78, 'SMK', 15),
(79, 'Financials', 15),
(80, 'Data Centralization', 15),
(81, 'Corporate', 16),
(82, 'Fusion', 16),
(83, 'Little Sprouts', 16),
(84, 'Private', 17),
(85, 'Public', 17),
(86, 'New Business Development', 17),
(87, 'Construction Folder', 17),
(88, 'Real Estate Folder', 17),
(89, 'Project Tasks', 17),
(90, 'Project Calendar', 17),
(91, 'Private', 18),
(92, 'Public', 18),
(93, 'Little Sprouts', 18),
(94, 'Fusion Division', 18),
(95, 'Tampa Day School', 18),
(96, 'Barnstable Academy', 18),
(97, 'Shreiner Academy', 18),
(98, 'Private', 19),
(99, 'Public', 19),
(100, 'EPIC! Summits', 19),
(101, 'Reinventing School News', 19),
(102, 'ROCK N CulturRoll Awareness', 19),
(103, 'Staff', 48),
(104, 'Public', 48),
(105, 'Administrators', 48),
(106, 'Head of School', 48),
(107, 'Staff', 50),
(108, 'Public', 50),
(109, 'Administrators', 50),
(110, 'Head of School', 50),
(111, 'Staff', 51),
(112, 'Public', 51),
(113, 'Administrators', 51),
(114, 'Head of School', 51),
(115, 'Staff', 53),
(116, 'Public', 53),
(117, 'Administrators', 53),
(118, 'Head of School', 53),
(119, 'Staff', 54),
(120, 'Public', 54),
(121, 'Administrators', 54),
(122, 'Head of School', 54),
(123, 'Staff', 203),
(124, 'Public', 203),
(125, 'Administrators', 203),
(126, 'Head of School', 203),
(127, 'Staff', 56),
(128, 'Public', 56),
(129, 'Administrators', 56),
(130, 'Head of School', 56),
(131, 'Staff', 57),
(132, 'Public', 57),
(133, 'Administrators', 57),
(134, 'Head of School', 57),
(135, 'Staff', 59),
(136, 'Public', 59),
(137, 'Administrators', 59),
(138, 'Head of School', 59),
(139, 'Staff', 58),
(140, 'Public', 58),
(141, 'Administrators', 58),
(142, 'Head of School', 58),
(143, 'Staff', 60),
(144, 'Public', 60),
(145, 'Administrators', 60),
(146, 'Head of School', 60),
(147, 'Staff', 61),
(148, 'Public', 61),
(149, 'Administrators', 61),
(150, 'Head of School', 61),
(151, 'Staff', 52),
(152, 'Public', 52),
(153, 'Administrators', 52),
(154, 'Head of School', 52),
(155, 'Staff', 49),
(156, 'Public', 49),
(157, 'Administrators', 49),
(158, 'Head of School', 49),
(159, 'Fusionology Content', 62),
(160, 'Private', 62),
(161, 'Public', 62),
(162, 'Collaboration', 62),
(163, 'Marketing', 63),
(164, 'Private', 64),
(165, 'Public', 64),
(166, 'Outreach Discussions', 64),
(167, 'Private', 65),
(168, 'Public', 65),
(169, 'Billing', 65),
(170, 'Budget', 65),
(171, 'Private', 66),
(172, 'Public', 66),
(173, 'Private', 67),
(174, 'Public', 67),
(175, 'Site Pages', 67),
(176, 'Transcript Requests', 67),
(177, 'POC', 67),
(178, 'Private', 68),
(179, 'Public', 68),
(180, 'EPICenter!', 68),
(181, 'Private', 69),
(182, 'Public', 69),
(183, 'Private', 70),
(184, 'Public', 70),
(185, 'Administrators', 70),
(186, 'School', 70),
(187, 'Sick or Coverage', 70),
(188, 'Private', 71),
(189, 'Public', 71),
(190, 'Administrators', 71),
(191, 'School', 71),
(192, 'Sick or Coverage', 71),
(193, 'Private', 72),
(194, 'Public', 72),
(195, 'Administrators', 72),
(196, 'School', 72),
(197, 'Sick or Coverage', 72),
(198, 'Leadership', 73),
(199, 'EPIC! Customer Service', 73),
(200, 'Private', 74),
(201, 'Public', 74),
(202, 'Private', 75),
(203, 'San Diego', 13);

